,fromId,toId,val,tokenId,address,transaction_hash,block_number
0,949705,70991,0.0,0x0000000000000000000000000000000000000000000000000000000000021fb8,0x60f80121c31a0d46b5279700f9df786054aa5ee5,0x20168f8d206ee9c455c25ea167a7f6fb156bbc83ce4079a15325c03be4e4e6c8,11870977
1,70991,949705,0.0,0x0000000000000000000000000000000000000000000000000000000000021ee2,0x60f80121c31a0d46b5279700f9df786054aa5ee5,0x20168f8d206ee9c455c25ea167a7f6fb156bbc83ce4079a15325c03be4e4e6c8,11870977
2,142212,1043889,0.0,0x00000000000000000000000000000000000000000000000000000000000214a5,0x60f80121c31a0d46b5279700f9df786054aa5ee5,0xbcb13ba0bcec922a7cbf4fff167745d73b2df90e032371608a01444fea308b9e,11870978
3,350402,1025286,0.9,0x00000000000000000000000000000000000000000000000000000000000f4312,0x059edd72cd353df5106d2b9cc5ab83a52287ac3a,0x1b6d55f12526eab83ae2d7b04bc3a5187e370d67c18052d29c2097610c15076d,11870978
4,970529,645613,0.0,0x89aac674d6783a88a0840c614574120190697299f1bfbe74f4a9c0ee4deb55a6,0x2a187453064356c898cae034eaed119e1663acb8,0xe4ee91647d23dbb5130832337f0bcfd5c060bfc40de0bc93514e555ea6085822,11870980
5,0,680494,0.0,0x000000000000000000000000000000000000000000000000000000000000023d,0xabefbc9fd2f806065b4f3c237d4b59d9a97bcac7,0xb585d78d9dcf5c37f2b9ffeddabcd7a7de861b20f6119d9e2b593d5ecea9d6ec,11871077
6,649474,437692,0.0,0x0000000000000000000000000000000000000000000000000000000000000135,0x4ad4455ad5ef891695c221e8e683efa65fabede0,0x4575088596f70ff619d826e8e21c22a164eb2533da9c85e274dcddcfa759033f,11870980
7,754326,0,0.0030874654206796,0x695a42a8db06dd73b12168d0842df409b8c0c2052526453a05e77a4c2d089b29,0x57f1887a8bf19b14fc0df6fd9b2acc9af147ea85,0x2107be6a4b1e66acbfb9fda78a89cbb8ec1521982be4f80fe65d4f1e409de92a,11871002
8,0,170791,0.0030874654206796,0x695a42a8db06dd73b12168d0842df409b8c0c2052526453a05e77a4c2d089b29,0x57f1887a8bf19b14fc0df6fd9b2acc9af147ea85,0x2107be6a4b1e66acbfb9fda78a89cbb8ec1521982be4f80fe65d4f1e409de92a,11871002
9,170791,583305,0.0030874654206796,0x695a42a8db06dd73b12168d0842df409b8c0c2052526453a05e77a4c2d089b29,0x57f1887a8bf19b14fc0df6fd9b2acc9af147ea85,0x2107be6a4b1e66acbfb9fda78a89cbb8ec1521982be4f80fe65d4f1e409de92a,11871002
10,1047790,219354,2.2,0x0000000000000000000000000000000000000000000000000000000000001650,0xc2c747e0f7004f9e8817db2ca4997657a7746928,0xa0c305d79b5004b2b38a89fa2d2041fa0882f845e5fb5ec71db75abd26943b3c,11870980
11,0,333341,0.0,0x0000000000000000000000000000000000000000000000000000000000000002,0x2515abeca26f921af88241b1f84700650524a021,0x51cfd89f7b8a8cd4dd08bea2fb8acd89c7d58221893e09997bf21be3add1ab0d,11871077
12,220581,949417,0.0,0x00000000000000000000000000000000000000000000000000000001bf091370,0x8ae06a29a816580cbd069e460dd57c6c964bb3da,0x8140a1cba471a60ffb4560d94eefa2ad4b2ac00679f6766b128526eaf376401e,11871077
13,195708,595605,0.0,0x0000000000000000000000000000000000000000000000000000000000004b16,0xb932a70a57673d89f4acffbe830e8ed7f75fb9e0,0xdc70f1b4544f8b88b811297007847458afc083b33ffc7951ba290c4f0467d045,11871227
14,818292,344779,0.7,0x0000000000000000000000000000000000000000000000000000000000a7d94c,0xa7d8d9ef8d8ce8992df33d8b8cf4aebabd5bd270,0x4040aa66f1fef5f8172eb24f6da1529a109cab098ba949a9257d838a9c7aa334,11871102
15,0,738918,0.0,0x0000000000000000000000000000000000000000000000000000000000000ddf,0x4ad4455ad5ef891695c221e8e683efa65fabede0,0x1a6899cf7eacec4221a3d1145839e10ee5f237875c1f9a2a44c8020078adb63d,11871227
16,88209,1014469,0.5,0x0000000000000000000000000000000000000000000000000000000000b71c9d,0xa7d8d9ef8d8ce8992df33d8b8cf4aebabd5bd270,0x6c0209876e08cbd6cda3e0b37709e8c1b40bfc58abea5b6cc2300a925fa13fbd,11871102
17,0,371533,0.0,0x1d23d0414f02320a67fe4ef3d1f9bb2e88893f8550d66fbbd77653ddfec0f545,0xd1e5b0ff1287aa9f9a268759062e4ab08b9dacbe,0xf222bdde81cd1db4e1b23fb53dba48f379f8bf81d1b5374695f1470261e0661f,11871177
18,0,371533,0.0,0x03142206eadc6e3f1d1862bebf15b9b4627a233cc2f465a476d32f624e22ec5f,0xd1e5b0ff1287aa9f9a268759062e4ab08b9dacbe,0x769c241b40d8f4c48557c1e9ad1ed5109da847460c5ba2d62ed5b613b84a0bc2,11871177
19,0,738918,0.0,0x0000000000000000000000000000000000000000000000000000000000000de7,0x4ad4455ad5ef891695c221e8e683efa65fabede0,0x9756ac2f002ebdd4b3a11928356bbddfdeff99d2dbbd8db1ac79c0c3483b1f1e,11871352
20,0,738918,0.0,0x0000000000000000000000000000000000000000000000000000000000000de8,0x4ad4455ad5ef891695c221e8e683efa65fabede0,0xa3965063a3ebb1a777861c36975066f327c06a859d6782509e18f617b286a1fd,11871352
21,25712,0,0.0,0x0000000000000000000000000000000000000000000000000000000000000070,0x75dde2c445a112d270d766697330be0db700636e,0x9de45cba82ad712c27ad1ef91371cf33ea6268ae4c1a5aa76798c8e4e369d2e1,11871027
22,42679,934803,0.070725,0x0000000000000000000000000000000000000000000000000000000000018ee7,0x60f80121c31a0d46b5279700f9df786054aa5ee5,0x800f3347f280aeac085adf90a79211d462b070369d2e90b4f97a40bf8207cbfe,11871352
23,859913,751250,0.0,0x87f76a9c8ea4cc1dc584eb6f565754ea2817ac9265eb5c99cfb318e89ffee968,0x629a673a8242c2ac4b7b8c5d8735fbeac21a6205,0x875eb5b04c2d3be7e88da9972c2aeccde1f3d42dd221ef120751883e666fb625,11871177
24,448704,926080,0.0,0x3b3b426017b07206557673d7e355c54d11dd4679a828582218629843ae8b5cc4,0x629a673a8242c2ac4b7b8c5d8735fbeac21a6205,0xdb4b380ade12092b5cf5dab695538b4c2c164838253ff52a8a7dbf06c5b0c6e1,11871177
25,692040,240289,0.0,0x30edb8d3952a29f807e6bcf69779ff4fb1e1239c85486a8cd68c53853036a0f3,0x629a673a8242c2ac4b7b8c5d8735fbeac21a6205,0xde6f39c76561d383f03344c4f2a5e0263fc44ac10242a740a77dd378d6b1f5a6,11871177
26,213916,620634,0.0,0xf2de5e152c955ea588a83807d61ef3ce0e09acdd524dca2c8254f223894f1251,0x629a673a8242c2ac4b7b8c5d8735fbeac21a6205,0x6a5b2b1f2ce335e7239246a1c74cd8c0d86afc22c20c9893ed976d0011d20580,11871177
27,213916,959612,0.0,0x17516fc10e227078aa42c8886e65b2c59cdb5b89ea11975ce7752a7d13b1254f,0x629a673a8242c2ac4b7b8c5d8735fbeac21a6205,0x26b5e24ed42be2a333c6f4857d9c96421354568d03ba591d480dcfe53e9fa192,11871177
28,213916,501568,0.0,0xe980591fe60830dde5d22970b5775cc1183398487315826c598799f4e9f8cb9c,0x629a673a8242c2ac4b7b8c5d8735fbeac21a6205,0xba48551e32f475b2ccf60929e9f9bb7dc04c6fd93e91b4f12ca9f369f5e66d89,11871177
29,213916,442906,0.0,0x51588726acfa9e3829e137d6807b05bd6c557edfc4d8a227e1b3d5c1f06e3fb8,0x629a673a8242c2ac4b7b8c5d8735fbeac21a6205,0x647f41a03c529d02ad7d091378ac5172b25d343b88a978cd5989473f363caa1f,11871177
30,95493,1075280,0.0,0x36120561a2693f84e185b4ef7dfc7025b7b8c776212f0f507db59471f8a0e493,0x629a673a8242c2ac4b7b8c5d8735fbeac21a6205,0x8675c5133924ad75a446b768796f848d8b07f4c70eabb08f5368404c69c0689f,11871177
31,213916,72743,0.0,0x0c986705219439e89a49de303d0897e4ef6f64db732bd8a3a03e970f39df85f2,0x629a673a8242c2ac4b7b8c5d8735fbeac21a6205,0x7d4f7d6f2a072602124d6ab89b2741db3fc2a99f8c9b829593f2079f6da97e7a,11871177
32,213916,281909,0.0,0xdf0b29660b46b1562ec49943bb559eeb798274ac1f36d8e99ee98988d3eb248e,0x629a673a8242c2ac4b7b8c5d8735fbeac21a6205,0x023b62514e0100ccc71be5d61b07d4b8af0f89b0fc1943b10243c8a371d4f400,11871177
33,0,170791,0.0030950276598755,0x0849072b37bde1c0a55c6c85923d2bb446b7124e6318debbe9e79e73dca12aeb,0x57f1887a8bf19b14fc0df6fd9b2acc9af147ea85,0x57554845e01179fbff1be4ab362807afbad557b4228d9ce797000581c757c5b8,11871102
34,170791,1011370,0.0030950276598755,0x0849072b37bde1c0a55c6c85923d2bb446b7124e6318debbe9e79e73dca12aeb,0x57f1887a8bf19b14fc0df6fd9b2acc9af147ea85,0x57554845e01179fbff1be4ab362807afbad557b4228d9ce797000581c757c5b8,11871102
35,213916,593696,0.0,0x2a07c734c5b0290efff9d6c3b28158e47e6c0f76150501bec0b1562b83182451,0x629a673a8242c2ac4b7b8c5d8735fbeac21a6205,0x87ae6300f2be96816dd428dad58a8efa23ab518fff190dcb26d2819bb52a191c,11871177
36,213916,426008,0.0,0xf48f08fc0ebbf0e81fe43dceba580888d54010bdd0f5f69d2033e414b382a426,0x629a673a8242c2ac4b7b8c5d8735fbeac21a6205,0x5c5aa4dfbe17fa01624afb0ac357420fbd94c3a7bd5a87d2bf1f6a7e1f99ceb8,11871177
37,213916,596528,0.0,0xdfd4892fd24adec2b292df2760c03c13dc853dd60a64a7c0384c3b6a12ecdd1e,0x629a673a8242c2ac4b7b8c5d8735fbeac21a6205,0x611a7068d6cbab8fbde178a733a629629fca3632d229f1954423ae5fc290d131,11871177
38,213916,515166,0.0,0x9d1c1752cc0d1c823846fd21ed0df8f2c518fdd959241f92b7158a7e0c5ec2f5,0x629a673a8242c2ac4b7b8c5d8735fbeac21a6205,0xe80fe4b48481a49a98eaff82edf7562586b710330153cb683f3e0a4b4c61d8e8,11871177
39,213916,265484,0.0,0x32d1f93e6de70dfc0ec920ed5ad5575841b561abe94850c6ca81c1d29c6d187d,0x629a673a8242c2ac4b7b8c5d8735fbeac21a6205,0x1bb1013395b1dbed3fa1cbd286cab66f5f6f9ff720a67b82ca4078de03d68a9e,11871177
40,692732,284857,0.0,0x5d8bea4b919fbb673ecd90490938c47b67360e275ee260bf494383baa1880cae,0x629a673a8242c2ac4b7b8c5d8735fbeac21a6205,0x9bff1fbdc9ae0039f3322c2ed58bdfa4ca097b44993ae1b87d9fb0da5aeebe84,11871177
41,213916,1013760,0.0,0x6df73a06e2dd7c3e231705d86e1c101a9e7f9b808424ca6499c6b8ce25e26aab,0x629a673a8242c2ac4b7b8c5d8735fbeac21a6205,0xd9a88109388636b5077ddd0d0126e66718b99cdb34eb6bba66eaba61084dfae4,11871177
42,213916,769150,0.0,0x522148da6bf94dea6ec794159f736a359c629f31c53f1c58bb88993403494483,0x629a673a8242c2ac4b7b8c5d8735fbeac21a6205,0x773ea0dfd717ae9cd836a5631391ed1b27246cafbac853d0562ead83a9e4d787,11871177
43,0,371533,0.0,0x0c3a5be1791a4eb627475a2a41f629f62e031aacd94b5d3ca216d2e2592e1251,0xd1e5b0ff1287aa9f9a268759062e4ab08b9dacbe,0xbd85cb592aca875a86787bf2770944987b3d6f18fbaa240b1d5a48b188006bdb,11871202
44,0,622814,0.25,0x00000000000000000000000000000000000000000000000000000000000446ed,0xfbeef911dc5821886e1dda71586d90ed28174b7d,0xacc4b07e275a0bcd8daff93af386e74c5b12914418b2d3ae9d5f667b36e95536,11871277
45,383376,810228,0.0102,0x00000000000000000000000000000000000000000000000000000000000003ae,0xd35147be6401dcb20811f2104c33de8e97ed6818,0xe608b5538ea3a55fb40c9bdfc213c7385602ccb4615be4ff2903950e020048a2,11871352
46,380176,966855,0.0,0x0000000000000000000000000000000000000000000000000000000000000e78,0x959e104e1a4db6317fa58f8295f586e1a978c297,0xcf4c470cd06ebd18305395748ca396e4bdc80dc4f56017e2ad189b45300515e6,11871277
47,966855,790091,0.0,0x0000000000000000000000000000000000000000000000000000000000000e78,0x959e104e1a4db6317fa58f8295f586e1a978c297,0xcf4c470cd06ebd18305395748ca396e4bdc80dc4f56017e2ad189b45300515e6,11871277
48,704820,77070,0.0,0x000000000000000000000000000000000000000000000000000000000000008c,0x913ae503153d9a335398d0785ba60a2d63ddb4e2,0x6aba1819ac9fbd25bc9962b8dc53d80577f3a4cbaf444789ed42f8a4020037b7,11871177
49,569628,475564,0.0,0x5f5386eae3387166e105c7bc9f5aa3a20bef7e1b665e9ea9b01fbd364220b1c2,0x629a673a8242c2ac4b7b8c5d8735fbeac21a6205,0x9ce8411f15559cf39dcd6bdd49419bed6f6c3f506b1ececf4de942217328c4ea,11871352
50,0,644005,0.0,0xabac40e8e148a2144174780cc8947409169cd3f354210668a3e35669203e8bea,0xd1e5b0ff1287aa9f9a268759062e4ab08b9dacbe,0x1949eceba115b88cd86efca606f2a6ce794e67fbf458f1dc771d6d96ae061416,11871052
51,0,464977,0.0,0xc7632f94b2dfa1babee5a5674232d9c10015c09b572d483c88e1c41a3fcbac97,0xd1e5b0ff1287aa9f9a268759062e4ab08b9dacbe,0xc51f1894bb1ea8745ea263869eb41febd1984181e1a6ad4fa45b4b8edfb18f82,11871052
52,0,547711,0.0,0x912a7229afe59a72c6087dfb8d255a9b901c1a00cebefec7a3c9507375e8c14e,0xd1e5b0ff1287aa9f9a268759062e4ab08b9dacbe,0xe80542db1afb5de3c3e5b02cb590beadf39ea8191d826702e8d4d1cb5e628a53,11871052
53,0,648915,0.0,0xdb366fcc92cb1ad663ee94d9777b03c6e7c298b9a65be75357f60d5447e83a31,0xd1e5b0ff1287aa9f9a268759062e4ab08b9dacbe,0x430b0917a4177a237a811d1f1f286e0687d9f44da8aa4b73f1e2a87a8b340f63,11871052
54,0,547711,0.0,0x1b6865c696e04595b91f7c6005405bbbdb0de4199d263ffb7bed65b292500f48,0xd1e5b0ff1287aa9f9a268759062e4ab08b9dacbe,0xf58c30112dfc521dd6ed8905561cf37ce369117df4a9c3f74ecc0170469345e0,11871052
55,0,758076,0.0,0x9b66355d090667bc1bc8a69b420f18affa953a86bda1390aa5109cac9382d52b,0xd1e5b0ff1287aa9f9a268759062e4ab08b9dacbe,0x0a9b140ec66ab84737db10ea1e2bc4583844931dde3c33dc935bc65368696db0,11871052
56,0,125507,0.0,0xfe7267d75d7956d6ab4310ec01baa6ac68a2b864f9bc84446b8761b6a147fd4e,0xd1e5b0ff1287aa9f9a268759062e4ab08b9dacbe,0xd1eedf59aa3c3fff621484d99b86db196bc7e6460e7051993730decf5b4592e5,11871052
57,0,101774,0.0,0x8f49258bc8d2acd4ad7873d1fea14b84abf4bc39d338de6985b9a5366ff7738d,0xd1e5b0ff1287aa9f9a268759062e4ab08b9dacbe,0xd149dcbd6bd9d9ba9d24ab4267655049f328b0a7540d1c5645f5a91fe48ca580,11871052
58,0,766972,0.0,0x8652dcdc4d46282bd1af71a1cb1d008c8fc35a556b7b663525d020d399fe9a8e,0xd1e5b0ff1287aa9f9a268759062e4ab08b9dacbe,0x1acd40fe1e6970ffc2bb13071cfaa216b43288019f78ecfb0357763d47e07f37,11871052
59,0,257853,0.0,0xa1f4b2a4752c28e2fc97d1eec7b5f347ad2318293367f7773ff6009401a7c4eb,0xd1e5b0ff1287aa9f9a268759062e4ab08b9dacbe,0x1385a7488b6fdf5f4bad6028593720b6b7c5725765784495dd6b1d456d18ad1f,11871052
60,0,766972,0.0,0xcc848bef14a883c181074db477e7c7d31cfb062dba4764e35f21494b6af7abee,0xd1e5b0ff1287aa9f9a268759062e4ab08b9dacbe,0x7e5a6c17e111a5a9d2ee45e85f30e4b8066f63004bfe44292735285a3106748d,11871052
61,0,539398,0.0,0x29485e7658e671665f39dba5bd75e109e92cf450230b858c6cdb6066f2e5401e,0xd1e5b0ff1287aa9f9a268759062e4ab08b9dacbe,0xa22bf77815183d114edb2965993fb86a2fa3c4904c06866ceb0b27cfd9616564,11871052
62,0,547711,0.0,0xa83ce39e60ccb5db2294177f2f6da08d838397aafb84695d8fe814cd6266a2ac,0xd1e5b0ff1287aa9f9a268759062e4ab08b9dacbe,0xc8fae5eadd57f7745b199aeb14c464238748829f6bea5e54fddf2ed22bbe3aa8,11871052
63,0,949417,0.0,0x000000000000000000000000000000000000000000000000000000004d7cbb4e,0x4629122c04eacc2ca48bda4a92aadcaee5d15389,0xbd78fe341d421c1f8f68048f0ed735b253d184d3dcf4032a8387724cadea6de6,11871228
64,0,836023,0.0,0x2e2131d6a9a93cd4d80b3147b2549caad66b3ee383c7dae8e31156b23dac4505,0xd1e5b0ff1287aa9f9a268759062e4ab08b9dacbe,0x2c9bd9d26ce20b421b43d917aec3bffde3f918ecd0f26e6e48662de1671e30fb,11871052
65,0,501061,0.0,0xb54edce9860cbabd7c6265fe99b0a7ef8fbe4240f3e292d18ae7b490b0f5b955,0xd1e5b0ff1287aa9f9a268759062e4ab08b9dacbe,0xe4a5ea719ac4187f51b499aa6ab2fc73ddca709a7f08f38ec4d14035710e91e8,11871052
66,784363,0,0.0030874654206796,0x912ef96fbd4667921587d1f84b767e60f170941bf9739052cbbc337d8017a07f,0x57f1887a8bf19b14fc0df6fd9b2acc9af147ea85,0x4300a6a5eba808dcc27cba055b01fbb5aa07a652d1ccc474be38a45e3fb69ee1,11870952
67,0,170791,0.0030874654206796,0x912ef96fbd4667921587d1f84b767e60f170941bf9739052cbbc337d8017a07f,0x57f1887a8bf19b14fc0df6fd9b2acc9af147ea85,0x4300a6a5eba808dcc27cba055b01fbb5aa07a652d1ccc474be38a45e3fb69ee1,11870952
68,170791,162036,0.0030874654206796,0x912ef96fbd4667921587d1f84b767e60f170941bf9739052cbbc337d8017a07f,0x57f1887a8bf19b14fc0df6fd9b2acc9af147ea85,0x4300a6a5eba808dcc27cba055b01fbb5aa07a652d1ccc474be38a45e3fb69ee1,11870952
69,0,1034965,0.0,0xa14065b631ba13e0eafd9b5b7234a19c1f5ad4285707981ad26650efdd84f17a,0xd1e5b0ff1287aa9f9a268759062e4ab08b9dacbe,0xde6cc30ac45a594838ca19b135cba75920c2cd540fc96cccb665102cd7346533,11871052
70,0,49401,0.0,0x9a22e1fbb989ff07f20bbbf789592f239a0416ebf906732e746e6db8e336f645,0xd1e5b0ff1287aa9f9a268759062e4ab08b9dacbe,0x2e9122627b3c1de04161169a9640351369806428892eab28dc19919b1ce7e103,11871052
71,0,485982,0.0,0x709187d16103d03df30ad1f201706e6d78ca394799ad447169b38ecb2fead230,0xd1e5b0ff1287aa9f9a268759062e4ab08b9dacbe,0x0fc206c0d6c7b6e009faf3395b9ca29389c1bec8387c36a652772be6eab60903,11871052
72,0,362075,0.0,0xce4c5e5f81d5c8bbacca2aa6aa57644593d3af606d06c4d06bbee49482c2e165,0xd1e5b0ff1287aa9f9a268759062e4ab08b9dacbe,0x2fc6d1da3ab09dcee0a10ecfec2719b9f168d22a5787bdca5052a74dc68f49b6,11871052
73,0,1049791,0.0,0x9e5346842864460e5f7d1ec4cc5523c5fcb8d0b373cd4041858be2990ddfd683,0xd1e5b0ff1287aa9f9a268759062e4ab08b9dacbe,0x5e3889380e11eda1111d04ac7234632040667f9530a5c86eb2472a2d88cb4ccb,11871052
74,0,758076,0.0,0x80d433811cbb55aef2d7cf9d37a19d16ca70f6f129e37766521048ca51e92d78,0xd1e5b0ff1287aa9f9a268759062e4ab08b9dacbe,0x8d0f44139b66480fb05aada5e01b428a5810e2d110b9bf94cfff77f160baee37,11871052
75,0,876641,0.0,0xe7032791c9a52c8efc989f2f2e262e4fc380c9f521c8118db3e46f238ff6fa34,0xd1e5b0ff1287aa9f9a268759062e4ab08b9dacbe,0xb6b4f9b374d5b1b9be1fc2621b771950b45ae57417fb03353369daa572abaf0b,11871052
76,0,949417,0.0,0x000000000000000000000000000000000000000000000000000000004d7c9436,0x4629122c04eacc2ca48bda4a92aadcaee5d15389,0x7480cf00487164d17a57a3a4d71396e0a98893bf1f760c85c3cd41c3e1a223d7,11871303
77,0,876641,0.0,0x96dc1f7da9519bc7073165bb00006c8c9fe76ca2708356c30e497172ee8377e8,0xd1e5b0ff1287aa9f9a268759062e4ab08b9dacbe,0x5885e678151494160f35f1d444dd3d812fb9643aed8914fac3d71b8a9c49234d,11871052
78,0,60589,0.0,0x943de4e661ad104d66e3718223dc7643aea06ed8af3d941ca8905ed55a7ee7ad,0xd1e5b0ff1287aa9f9a268759062e4ab08b9dacbe,0x7ebe5888155ffedd5a55c9e3ae42cd8eabc23c624c56fa0637dbc166922e2db5,11871052
79,0,316363,0.0,0x0598aa5ba60a40406628af1c8695f3a12669c7a46eab21aa6bde447708b9484d,0xd1e5b0ff1287aa9f9a268759062e4ab08b9dacbe,0x93fb79eb3060181424ea5b27c0e59629b6ef65b7ad0454f20b2de1072d946233,11871052
80,0,572237,0.0,0x9e5fda2f28e6a04ee7a6a7eb163c6a77945bbab7efd635db89faa34fd51c808b,0xd1e5b0ff1287aa9f9a268759062e4ab08b9dacbe,0xd9fcdf173ffed910d8daddc8d300f36bb70e5b6638e2ac7f9cf7daf86c2d54f6,11871252
81,600289,341006,0.55,0x00000000000000000000000000000000000000000000000000000000007a13f6,0xa7d8d9ef8d8ce8992df33d8b8cf4aebabd5bd270,0x94dabc4958bbbce2905c41fbcdc904cdb3d6ba741a7010eac7913b27f7cdbcf7,11871128
82,25712,0,0.0,0x0000000000000000000000000000000000000000000000000000000000000090,0x75dde2c445a112d270d766697330be0db700636e,0xfb8a7ecb88226a4d312924323450b1c8df3f4ecfb01c1243416c549de7b9132b,11871327
83,0,33170,0.0,0x4e3ac53e2ff01253432253a9f0345d3f612cca3889759e03ec62a0c31e5116f2,0xd1e5b0ff1287aa9f9a268759062e4ab08b9dacbe,0x1e10440e252e12569a60b5dba53c0bb8e4ac0d0ce89dc3ef14e8fe23bcc71a3a,11871252
84,0,763043,0.0,0x6da9e1f10829437e6ee74a74cf02191c85f3ac4c4ffa6dcdcdfb7740337953ec,0xd1e5b0ff1287aa9f9a268759062e4ab08b9dacbe,0x4ac555b5da4d2649075afcd1503bc9d6750c81065dc4e567c38051bd277c4b76,11871252
85,0,235739,0.05,0x0000000000000000000000000000000000000000000000000000000000f42616,0xa7d8d9ef8d8ce8992df33d8b8cf4aebabd5bd270,0x97146cec2056f537f58dc3630b061b67df6ff5e184fb8248307fe4bfac67fc4c,11871327
86,1005891,683611,0.0,0x0000000000000000000000000000000000000000000000000000000000000565,0xedd190d250c752baf6c96d77e2a678b1b0c2b42e,0x686e5757fface1414a2fc74a89b98929cfd221ae4879b2954558167d21b64770,11871327
87,0,430061,0.0,0xc3afeb37acc603b3e374dc094ee2eaf648b5036a71706c587d7e8f70a56b81a2,0xd1e5b0ff1287aa9f9a268759062e4ab08b9dacbe,0xbdbfc13ffc49293cbc989c873bc6f2b21270be0998a76dcc5de65f02621c241d,11871178
88,0,814450,0.0,0x96a821862cada0c43596940bfce92d7f3b4f177254d25aa8e743abee8addf73c,0xd1e5b0ff1287aa9f9a268759062e4ab08b9dacbe,0x9f1faa72d3b48dd4ccae7b717325312e7002df0df670bd936359bd2c4321157a,11871178
89,949417,879057,0.0,0x00000000000000000000000000000000000000000000000000000001122f587c,0xf8cceddfcd5329de91be6a55edf99b7d2f60924e,0xb43893b00970db75b7224c76d385807fd6071feaeb77729c02bb36a5b2c2a71d,11871153
90,220581,776103,0.45,0x00000000000000000000000000000000000000000000000000000000003d09a7,0xa7d8d9ef8d8ce8992df33d8b8cf4aebabd5bd270,0x126f5e90cad21c25f5a785c8c8510aafd3a42112782613af7c970b8d1c1d5fae,11871028
91,331385,743586,0.0,0x0000000000000000000000000000000000000000000000000000000000003e71,0xc2c747e0f7004f9e8817db2ca4997657a7746928,0xeee57b1a9c72914a792b1fb7a034a61583a46918c3220043635760259e96f1d2,11871028
92,351778,752243,0.0,0x0000000000000000000000000000000000000000000000000000000005f6083c,0xd92e44ac213b9ebda0178e1523cc0ce177b7fa96,0x76d950cf7cc8f47bd8c768b3388bab6c46069ec37ffa813b90e971b3fa2057ad,11871178
93,351778,752243,0.0,0x0000000000000000000000000000000000000000000000000000000005f65642,0xd92e44ac213b9ebda0178e1523cc0ce177b7fa96,0x76d950cf7cc8f47bd8c768b3388bab6c46069ec37ffa813b90e971b3fa2057ad,11871178
94,113055,185835,0.0,0x0000000000000000000000000000000000000000000000000000000000989682,0xe0ba1564a889f0d2ba8ef4978027c1b072b56ebb,0xfde8a650af2217bc4181031a5b0a4ee01f3074929d8336a144d5281666b71143,11871103
95,213916,69824,0.0,0xb0f48c0f91329f1e0739ab2219b0dfded5370c45cac2fac186db7ca4eba712c9,0x629a673a8242c2ac4b7b8c5d8735fbeac21a6205,0xf22b9b6d7758551843ed15b575c98778d35f9e37bb5a6ea2c3f3b1421cd1f282,11871353
96,213916,111862,0.0,0x4fe742f4905c4e284eeaa6ab8f83c5d3943087e465ee0ab553bdf0a226f28531,0x629a673a8242c2ac4b7b8c5d8735fbeac21a6205,0x18b07fa681f9df3efadc5d1083869b6b39bf910d90f4f55bfed4908c6283c50b,11871353
97,213916,5398,0.0,0xbbb586932c44b7a42185f8e0a199fe4507a7075e800b3d66e60ad1ba5d053032,0x629a673a8242c2ac4b7b8c5d8735fbeac21a6205,0x2cbad9f1a2ce625520642a29c6d2d041fb1371257f637f8d2cddc78d231c8c7a,11871353
98,213916,873696,0.0,0x17d166659ea9e27c75fd1c1a4913e602c7df6f685e9c7363f4f2fab6c4e7ed37,0x629a673a8242c2ac4b7b8c5d8735fbeac21a6205,0x991fe815e44e0ee4921b51b644786cd891dbcccd3f7fef76f7757a1353edc3a0,11871353
99,213916,165246,0.0,0x2758197da88a05b8ed75f2d3337e809c1ee998482dfa34337030796545f83646,0x629a673a8242c2ac4b7b8c5d8735fbeac21a6205,0x6822f6396e7346466da87acb81219a8da01aeb2cd7b2e3077cc8815bc2b53a68,11871353
100,0,968861,0.0,0x000000000000000000000000000000000000000000000000000000000002200e,0x60f80121c31a0d46b5279700f9df786054aa5ee5,0x79ff3aefa93e4dd7a3f464c939b3a3a851099a5a931f1d1983cf4e63aecaa429,11870983
101,0,876641,0.0,0x6cc2ffe43a1913c962e441083e37702d7ebe59312bd45c84eb9e2eb0053c9ba0,0xd1e5b0ff1287aa9f9a268759062e4ab08b9dacbe,0x966e36739586e036ab1f1bf27dd5213ae3e9401309481fb5bb75b3ba8988bd1e,11871053
102,0,972926,0.0,0xfbe42917da4b9953b71eace48fd13c555ac965e1f0ea66354f25e457c6b8b573,0xd1e5b0ff1287aa9f9a268759062e4ab08b9dacbe,0x7700233d08cb42a7edbafd6972293d99e4a5dcd4f8b00ff98ece2ad7b1603fcf,11871053
103,0,72785,0.0,0x17ca61cfbcab5d1ca4cfa005a402fb7f25c5334eb57c48462325ea901ab14e6a,0xd1e5b0ff1287aa9f9a268759062e4ab08b9dacbe,0x37d05d9710f6a63b9f00f6bf75523974233a844a14682c103ee334ebe0de748b,11871053
104,0,766972,0.0,0x0928983f9afd02ffaad62973c0823570937a37d43610b03f308fb007a62ee521,0xd1e5b0ff1287aa9f9a268759062e4ab08b9dacbe,0x7d3002a5f52f43fd74461819b5071ab12e68ac69c9a50bfe60bf4030e6392fd7,11871053
105,0,218046,0.0,0x878e49cd2f385eaa5cecb1e71e936ea6a1b780d860fffe9793c9acf8fb5c6988,0xd1e5b0ff1287aa9f9a268759062e4ab08b9dacbe,0x2b8452938a25cb1abd28e93eeaed921ceeacd5edcfd96934420f006e0db002fd,11871053
106,0,665756,0.0,0x94fccd6f30efd0dec7bc5ee823a632519ac12fbe68872358584228fc54d24d58,0xd1e5b0ff1287aa9f9a268759062e4ab08b9dacbe,0xc58265c1fb62c4a3ad046192d7274d65917e4a03c32594ccdaed96634192361f,11871053
107,949417,879057,0.0,0x00000000000000000000000000000000000000000000000000000001122ebc29,0xf8cceddfcd5329de91be6a55edf99b7d2f60924e,0x645591e9c9d0f1c725d01f2ee4858fa774842acef6d77ce2f013f48df9b7b199,11871229
108,0,613977,0.0,0x0d177341b870a90a3783996bce824019743c3099b886f5f8f3da67b6874c54e8,0xd1e5b0ff1287aa9f9a268759062e4ab08b9dacbe,0x39115c76f2e85f064ca7fa9732a0a0efbd7f5b3293c82a2e04877af7fba8e5bd,11871053
109,0,1068301,0.0,0xd7c6e504085a9c3982145b63f14a4a5efb9413e24cade05256673f0413624e4c,0xd1e5b0ff1287aa9f9a268759062e4ab08b9dacbe,0xec896f70dc775ba65757cd9b2f54dd0e02b83ea29218e40467e77a350d2b2bc6,11871053
110,0,72785,0.0,0xd867e861a9b1fcb74790322189b7d8aba1b0682a0c7e70ab1cafc317f1bf8515,0xd1e5b0ff1287aa9f9a268759062e4ab08b9dacbe,0xb7e9bc26164169033a636ba842216c306f93369cba2b9f986bb53a60955c2945,11871053
111,0,1066911,0.0,0xacbd053239aae3cf0ddaaf8edffe8fe33cbc7af43aba3f99f870ceaeb7161574,0xd1e5b0ff1287aa9f9a268759062e4ab08b9dacbe,0x9e9eab264ed83fe1800b6a370aa26aa0452cf4b0b6e7cd3cfd2851a124e22f60,11871053
112,0,884689,0.0,0xc08183d0cd4dc55123033308d6c5ae520119334496104e6f722a3f5adc664288,0xd1e5b0ff1287aa9f9a268759062e4ab08b9dacbe,0x0ec77f274234249e76c8473c23687cef34df9607465f6db9c30300eceb4cb26c,11871053
113,0,758076,0.0,0xe5d18de60276ca97cc736645a2459a510b7821b269666735f17bc00347f8af08,0xd1e5b0ff1287aa9f9a268759062e4ab08b9dacbe,0xa264fb59afa1cbd3851dd5855fd8f1ca513bf638dd9cf08eeadaee4b434f245f,11871053
114,0,144520,0.0,0x07c5101894dd394fb17d17c2cc7c82ef0d291bb0ce28bd4d0226ac43fd7fb9ba,0xd1e5b0ff1287aa9f9a268759062e4ab08b9dacbe,0x44928d43b89a8a2607b1c93aab26c4bb50a18f924718882ad0227801978f2498,11871053
115,0,784579,0.0,0x5466e7e6b7afaaf65a062d355f199fb43dfa916281064fce1e6a475b401e0da0,0xd1e5b0ff1287aa9f9a268759062e4ab08b9dacbe,0xb2b181c96b1bb794ea5c18c25e37486c37ce535308105115a9fd991324d08e11,11871053
116,0,1068301,0.0,0x2e6f24eaeac0108901ee165c3f14f896051f8181d73ee403f271697083600183,0xd1e5b0ff1287aa9f9a268759062e4ab08b9dacbe,0x930f2f835f195234f9a5c193d5932a29c10a531f450891cd4ce336df5d75a62c,11871053
117,0,316363,0.0,0xec512203d1c2b3275cc977242fd641682bf8d34cea81f743bd5cfd5835d824b4,0xd1e5b0ff1287aa9f9a268759062e4ab08b9dacbe,0x05faea176858f3f21fd11229661439c40dabd4d85a4fd19c2875c6275b223592,11871053
118,0,359571,0.0,0x1b722461c9f35372f858d34f1612f61956fe741749064d8c420d80c7b8dd39b4,0xd1e5b0ff1287aa9f9a268759062e4ab08b9dacbe,0x95873d74f839ad4d75717cb0fd7550f14a86d6eaaf279d18398474c80a4825ba,11871053
119,0,316363,0.0,0xa57abe7626fd33854619a4bb68c3b8a461ecdcb47915f7a6176e18971dd93c76,0xd1e5b0ff1287aa9f9a268759062e4ab08b9dacbe,0xd3f384468fd8f00a8f6b422d4d1d66bd6586df1aaf5bc0706fbc7ee72a777919,11871053
120,0,758076,0.0,0x32fbe2d9bb6bba775333c67d80cd55d96006dcb12f2f91275387b8e3c911beb4,0xd1e5b0ff1287aa9f9a268759062e4ab08b9dacbe,0xd9e4314b341d0a6be87cc0cc0e1e02b5c085bfa0666b0783aef646674c66f50e,11871053
121,0,766972,0.0,0xfabd126f3d704482b192e4c460d5cb0c384f08c20a3b475bd370c92695720326,0xd1e5b0ff1287aa9f9a268759062e4ab08b9dacbe,0x851478ebeb5e428a9e64a14a7186cb234b85c826e077cf3b2712cd17e2c907d0,11871053
122,0,780775,0.0,0x35092bdfc32c3a72ba60d66ae59b217026bd4159863651e79b738a2ef1284e94,0xd1e5b0ff1287aa9f9a268759062e4ab08b9dacbe,0x46919f520cd49fbcb9672c1d753ff6b980f0f23d198ca94aeff969b7accbc270,11871053
123,0,43242,0.0,0xfad52e1665552dd8b56d3ae841841a825552ba1d502aa007242de3efbb1f8134,0xd1e5b0ff1287aa9f9a268759062e4ab08b9dacbe,0x2a387a9b66264033275ef2f6035a82511864f145c24625687518a322fc6cec7e,11871053
124,0,823185,0.0,0x236b699c6036ac8c56b4a2dfb0c24e3545d49c2e76c6ce6ee99de43efafbfd44,0xd1e5b0ff1287aa9f9a268759062e4ab08b9dacbe,0xaeb264fc026d7d3002a2c8c8fb3ddc09fd35a929189852787f93e2914a50fa68,11871053
125,0,144520,0.0,0xd3dea72d8802028d62a0910a220d44d9ca17d53bb2215be698988d6b2dbb53f8,0xd1e5b0ff1287aa9f9a268759062e4ab08b9dacbe,0x2470ccd170d1d04cc3ae34eb05fbcce8b83e66dd28168b17fd7b87d7ef1d7ed1,11871053
126,0,183547,0.0,0x776eeb652f3aa45a48fcd0d00053b0b9146d8d79d3f8bccd8f8eae00db07bac9,0xd1e5b0ff1287aa9f9a268759062e4ab08b9dacbe,0x6608ae71bada0c052e2eda39c80be4712f0dfc1b00db4b0b33251b0d45ee20a9,11871053
127,0,72785,0.0,0xc993d9ca04a8e51e3877eefa103cf28c5001a1481fe7f18eb1f6994625ad8ed9,0xd1e5b0ff1287aa9f9a268759062e4ab08b9dacbe,0x305c37a0218c77e44e5274bc9dafe2e75f7e7ea96c25e9a66d0cc3ba77c26fdf,11871053
128,0,16674,0.0,0x9f0330face3087c05391f5cf2b57f8994110febe93667990d43afa63496b0068,0xd1e5b0ff1287aa9f9a268759062e4ab08b9dacbe,0x3a161337bd417bc891c6fd4b99ffb499348c610d4eb79b02a0dae34307e99264,11871053
129,0,734388,0.0,0x289db193dc136139aaa922e9616aea0906ebefb2d357a6b2f71caab8924ac5ce,0xd1e5b0ff1287aa9f9a268759062e4ab08b9dacbe,0x552dca046969d56953183cb42af3b290b083865569b8407ca9e62bd597db287d,11871053
130,0,228359,0.0,0xaaf7c84c01d4964e9fb2035fee1cd06ac45971fa3bf40e79e9c58b96d637fd9d,0xd1e5b0ff1287aa9f9a268759062e4ab08b9dacbe,0xac459f3f119d09ce21f5fadfd790bb4c17c114ef670cd1cce39235ef24c002c3,11871053
131,0,642872,0.0,0xf18b6f2784cb2e92ad0f91318d38fffdca77055628609b97a380c95193c73a1a,0xd1e5b0ff1287aa9f9a268759062e4ab08b9dacbe,0x103bdcff7860e85a2b982b39da053bc050808de7bbc374a29522d73badccfc02,11871053
132,0,1023315,0.05,0x0000000000000000000000000000000000000000000000000000000000f42614,0xa7d8d9ef8d8ce8992df33d8b8cf4aebabd5bd270,0xbc3ebe6cc9e09b369dc9bb58708773c6e53f31dcce3e19d95267baba59a6a682,11871204
133,0,940733,0.0,0x5aa453df0914b9059a177dda396e638f6e70f92aff5c857270680f6f6ee01cb1,0xd1e5b0ff1287aa9f9a268759062e4ab08b9dacbe,0xa00e09f61f6a915918d704bf410e5537956f059cb0a0bb6cb494852fe6714c92,11871153
134,601578,1065057,0.0,0xaea3606b8e562eec28ffa056487d985558f60307c2607d3ba74a42386dd8ebbd,0xd1e5b0ff1287aa9f9a268759062e4ab08b9dacbe,0xfe5a5458619a465939d4f19f5ea039cd2ba5fbd60d1c4d72ad73fdd55cb8c275,11871204
135,0,676599,0.3,0x0000000000000000000000000000000000000000000000000000000000000322,0x0574c34385b039c2bb8db898f61b7767024a9449,0xd7c58fa75e4e2de9931a3faa56549d1a4c9476fc5c0c9ceb8d71c2c7ac4da49d,11871229
136,0,704984,0.0,0xf3ceebd0c1b03613e1d1ddaab694d1d4f3f69e10f2a8b29cc24843e2a839ef5a,0xd1e5b0ff1287aa9f9a268759062e4ab08b9dacbe,0x6d9131f6beb5f58dd8cbd71615e9efe3ece7e8e7fd23291d0065159cf3b46080,11871179
137,0,695005,0.0,0x5267226daf8caf04c49e68a2fa85de33989d57368b9c5bf5ae9a7694d63b5ec6,0xd1e5b0ff1287aa9f9a268759062e4ab08b9dacbe,0x1496a8e46cd4fb1626e6ed88153413adc2064d59471d08ebf785a014f26b0634,11871179
138,0,371533,0.0,0x1cdc0d496d8d63cea2e2a4b1eaad31b836381a107ddf860c4cf18bb116e8ac8f,0xd1e5b0ff1287aa9f9a268759062e4ab08b9dacbe,0x21229f97b7f38cf78d1bf162340a149bef386c47f06248f9826b8dc2f8fa0442,11871179
139,0,170791,0.0030874654206796,0x3eeba97484353afe160c1c63dd6489e37cbf603012f7494da6ddd1cdbb735600,0x57f1887a8bf19b14fc0df6fd9b2acc9af147ea85,0x017760abeac98f1a03e07fda5ef1f2e8f5e01262e4b7ff1760e09e54e9517618,11871004
140,170791,78030,0.0030874654206796,0x3eeba97484353afe160c1c63dd6489e37cbf603012f7494da6ddd1cdbb735600,0x57f1887a8bf19b14fc0df6fd9b2acc9af147ea85,0x017760abeac98f1a03e07fda5ef1f2e8f5e01262e4b7ff1760e09e54e9517618,11871004
141,0,463091,0.0,0xa556506b5b4355ead86c5ca73bbdab9a6af1d9f9e7e05cc3c3c046eea9eeee53,0xd1e5b0ff1287aa9f9a268759062e4ab08b9dacbe,0xeae31d819acc7aacc41a985c08c1274c4af332dcbc91cb820781cfed07a77e5c,11871179
142,0,737550,0.0,0x6e88a22bed9b0b998752f0be4f8b77ce5bc7db1365be1db4e46380872e59adc0,0xd1e5b0ff1287aa9f9a268759062e4ab08b9dacbe,0xc41f5012a94cdb7b3cdf0d82dd3dfd0c061e3fa7236a439120056f4034afee86,11871054
143,0,116703,0.0,0xdbfc26529151b9ea9c0b0d9ec04b2391f6b600a39298402ff6e50c41bf49cc8f,0xd1e5b0ff1287aa9f9a268759062e4ab08b9dacbe,0xb7cf5a01bd8c952b0250bfb596c5c9c92132e193c5eb1d3cfff68f6e6654cbb6,11871054
144,0,421939,0.0,0x2d85830723ebdabae2d4c0118221a9122c4ee79420c9fdaba7ad3cb93e26f377,0xd1e5b0ff1287aa9f9a268759062e4ab08b9dacbe,0xeda3600582eb54fba74ec6f48e7cf002ae21ca18a4173074dafd8a59d44a6ad7,11871054
145,0,1027737,0.0,0xcf1cb6e9cc80238f787518704ea11534c4a8105629d30058a3e754725323f188,0xd1e5b0ff1287aa9f9a268759062e4ab08b9dacbe,0x86a9b255a94d1f89feb7f9534d69ea88392ea1e8a72fc8ede18b396a221379d4,11871054
146,0,484788,0.0,0xd2d26a4662f455597481acb9666b8e9094ebd5b11eedb69b23c7ac380915567c,0xd1e5b0ff1287aa9f9a268759062e4ab08b9dacbe,0xf25fcfd75b18a18968e57a1dc9f1720ec87d0cec364d33f3457fda0b6600060d,11871054
147,0,421437,0.0,0xb8473370957cbcc935ed753c6db4a13932a721c85024294decff8c934ae8bd67,0xd1e5b0ff1287aa9f9a268759062e4ab08b9dacbe,0xd4d5546dfa07a8869cbb9babbb02ee6ebb1ce7ef289357eb5b46045814201036,11871054
148,0,116703,0.0,0xe2d8eb409530062f6fa617842798903ce0d65325ddd7c21288f63eee01e5e6b3,0xd1e5b0ff1287aa9f9a268759062e4ab08b9dacbe,0xd6f0937aad8aca10195a8f30cd4798ec140962430bc7476e9c6e33c8d03182c7,11871054
149,0,228359,0.0,0xa71945860b38bf0d67f167fe2566e7512f5ce11e7fdb0ea0225c9fa3e4c4e8ed,0xd1e5b0ff1287aa9f9a268759062e4ab08b9dacbe,0x505d6494ff683d7deaa058b7610549570705b6c98bc2994fca6dfdc87ad8297b,11871054
150,0,883610,0.0,0xe2990185830c9ddbe601350c4ff2e14940969c13c965ebea56f00444b8a3b92b,0xd1e5b0ff1287aa9f9a268759062e4ab08b9dacbe,0x3e0c760881a7eff8d29496d3236580d859f5ecad18bf49407828147233c764dd,11871054
151,0,548853,0.0,0x8642afd9d7a02c5e163065fca7f10bc4dff07c5fc1536317cf91fad6087f6e9b,0xd1e5b0ff1287aa9f9a268759062e4ab08b9dacbe,0xb62aa22c144e18633763046eebaf4b7581690077a35b781bd87413a352a04437,11871054
152,0,783307,0.0,0xd3d8f71bcfc2ac2cf85c7662045a0e0688e1dedb4558997d13d5772f4983a1f3,0xd1e5b0ff1287aa9f9a268759062e4ab08b9dacbe,0xd7c4f483b2576bcd7315ab75e9a8d773399c3276e5b3f51c92abbfbf5d0a6f57,11871054
153,0,1007680,0.0,0xdfeb7ad90a8f5e0e6f81c0d71db09801f327344ee4e48d42c5c7d0706df8e177,0xd1e5b0ff1287aa9f9a268759062e4ab08b9dacbe,0x17d61b46920d0eacaa5ef589d85740c05eeffa1c7593badc927440f26522d736,11871054
154,0,131616,0.0,0x616343b84b3cd8475ac0ed4c15eb77586915183945e24a2b3b950f5fa242e93c,0xd1e5b0ff1287aa9f9a268759062e4ab08b9dacbe,0x76efc1917a978d2e7a1a610a200dfb6e58459a3218eae6b42a6fc3a8b35ac706,11871054
155,0,869288,0.0,0x2f79a04c2c2a4b23e733289663beff2688a39962ae51f8d6cca7a4e1813f113b,0xd1e5b0ff1287aa9f9a268759062e4ab08b9dacbe,0xfa29791fa739c5712ad8fc9cdc596e62a81c36aa92ee8292ff02451e6f7ae731,11871054
156,0,981845,0.0,0x0000000000000000000000000000000000000000000000000000000000000dd5,0x4ad4455ad5ef891695c221e8e683efa65fabede0,0x5e01a8149ac85b7396b97d7f0238a7c871d738de63e599ba538f67d3b8cc8618,11871029
157,0,843623,0.0,0xd94ebf4833ea125374e16717ea2274434423198081bf000fb20a67f6fbfe5b04,0xd1e5b0ff1287aa9f9a268759062e4ab08b9dacbe,0x6728784c16837e99049c4dc808ced1e3726abadcf6745590cb8dd3489dc2eeeb,11871054
158,0,169884,0.0,0xf657f9c861643a06ab9eb55a2860d43aaea0bdb46cdaa8f0b5b26766732633a5,0xd1e5b0ff1287aa9f9a268759062e4ab08b9dacbe,0x82a159d6bb9d02a817788f93de98e9d5e6e2a40841e513b5bb7ac8711d6ce23d,11871054
159,0,852910,0.0,0x98be3a2772f499698ecf9f67bca00e96abd65536b1dd8e5878e834cd35919fb5,0xd1e5b0ff1287aa9f9a268759062e4ab08b9dacbe,0x831f296c03f24a9abe220f8d1eaaaad77c9ae236e3657f57e75e03f583b3792c,11871054
160,0,539398,0.0,0xd367e695704eadf09ec1d531a842c33e0519648eaa15a9d5da326de66ac2c507,0xd1e5b0ff1287aa9f9a268759062e4ab08b9dacbe,0x18a839d5f1f4e431aae46bf8222d72eec0031e04bacb6de0b539263c8fbd021a,11871054
161,0,903894,0.0,0x5ec0cc9583aaad9ac1e37882ed81cb51fe365594df45035e27533ab338260859,0xd1e5b0ff1287aa9f9a268759062e4ab08b9dacbe,0x9f4a1830e08b9fc489faadecd3cf61eb20b83a80fd7c6009ad5dfd2aae26d70e,11871054
162,0,1075781,0.0,0xa9788213b69af1583d9d57bfcf82152efddf71e65c1b93ada180936e607868d9,0xd1e5b0ff1287aa9f9a268759062e4ab08b9dacbe,0x124d317935c951153134bd8d06aaeb0fbb3aaa93083e244473525481b971852d,11871054
163,0,798376,0.0,0xa3f6dbb7fc485252564198404ec0217be89e524428e522853623658a7cf8e33b,0xd1e5b0ff1287aa9f9a268759062e4ab08b9dacbe,0x18a2c24c9cfb24d3acaa96ccba7b5c9161a44cfa6646963da59860cee7acf1bf,11871054
164,0,350827,0.0,0x511ecab1f6048a64143a1f175971951e5be67d3222f1df569b9cd485ecdb7ed5,0xd1e5b0ff1287aa9f9a268759062e4ab08b9dacbe,0xfa20da0e50dc4e8f828e721c71eb1280455b3e9179c819e48b9efaba7b85041c,11871054
165,0,773983,0.0,0xef12108f3fae54c1b3cefbb7078954595ebca9fca429161c5a7c208a6effc20a,0xd1e5b0ff1287aa9f9a268759062e4ab08b9dacbe,0x74fe8a6d22ee5da0280e6b1470c300f537c2712a906ab69e80d46b2cd99bc764,11871054
166,743586,385260,0.0,0x000000000000000000000000000000000000000000000000000000000000195d,0xc2c747e0f7004f9e8817db2ca4997657a7746928,0x47ca278e10ffb6cadd80779ade4c4d45ba12785fa7b0729cc5cfc26073767404,11870984
167,0,216060,0.0,0x344381b0d0721a8cfa7c8eb06f09361ab3034585dacfe2435b7abf0ccdba2533,0xd1e5b0ff1287aa9f9a268759062e4ab08b9dacbe,0x5665e292cbe37458826f680d9ef90db72a02fc207e0674a999df56228492a9e4,11871054
168,0,115589,0.0,0xcd43bba299fc19ec066543b81f4ec89134c8c9ed813dfafbe1e9f0074a0dec2b,0xd1e5b0ff1287aa9f9a268759062e4ab08b9dacbe,0x3921034765b67417030ad1d15441f6d3191a682a838988e068d49876142269c5,11871054
169,0,739335,0.0,0x146fc29b07e0d109fee5cdcdda2cc223f7ed12f0a5e126a3c260da4882299c60,0xd1e5b0ff1287aa9f9a268759062e4ab08b9dacbe,0xbe894571c3127f49d7a6e269b52bbe6ba3ad8cfff1dcd6a3d60aaf6e3d63ecaa,11871054
170,0,142402,0.0,0xaf964accbeb2d958658ae7cdba071806f456a01f4106a7fb60ea01dba71f5862,0xd1e5b0ff1287aa9f9a268759062e4ab08b9dacbe,0x206d56bdc451b84c8045daf52b1ad74ad9f0140111a9823c91d0b896af264e87,11871054
171,0,191174,0.0,0x2f8ca436316af13441bd4f74ab8c2654f41987fdeeb6a5013bbce93ba1da19f8,0xd1e5b0ff1287aa9f9a268759062e4ab08b9dacbe,0x12a5fd21b81409136ddd2155baed037b640273962fb7e4991b6121abd6dffd1c,11871054
172,0,883963,0.0,0x4b187c9946baee1f23afe2348b3dfebe6f2be4715cc6b5dd31157b0be18ce226,0xd1e5b0ff1287aa9f9a268759062e4ab08b9dacbe,0x6c755994e1ba919142ab55fe8c7e5105df46caee15a4c5461c32f029918fa399,11871054
173,0,541839,0.0,0x13d68ef2b87d33be7ee0dcdb7614e1cf036101aba3eba4efc27dc48277a1de74,0xd1e5b0ff1287aa9f9a268759062e4ab08b9dacbe,0x9769a29b32d9d42c6fa28e4e495dfc61a4d53139538ad399ca3f5540fd13f021,11871253
174,0,479402,0.0,0xc07bc3cdb122d33a3e8257d59893d7070881dd4056738f59ff901bc95a797e6b,0xd1e5b0ff1287aa9f9a268759062e4ab08b9dacbe,0x5d91f648f40046644b7934dd63e2ceaaaeb1cac9279d7d205245453fa18047e9,11871054
175,0,371533,0.0,0x2fc26db35c340039ce1e6706a7118e2648e992198cdc7e837bba12ed83532504,0xd1e5b0ff1287aa9f9a268759062e4ab08b9dacbe,0x91e6a5f5a1e94e95a656340c7e360ad5cc76ea56b0246faadf73149be144e346,11871253
176,0,182496,0.0,0xde36b7233e652996ff11a6a7cc52bc7dbc4ec03e1701b5722060fc519eafcdf8,0xd1e5b0ff1287aa9f9a268759062e4ab08b9dacbe,0xe588efcffb6f73781857a749f5fe302a2335584cca9d52fc42a557b08794e175,11871054
177,0,624347,0.0,0x3ee8cb572c45f320cea4b9ba2c83102c7a0e68d890113e076a6614341830d657,0xd1e5b0ff1287aa9f9a268759062e4ab08b9dacbe,0x6d596c6fd3d1874910f64a2656b1786c6fbac5ecdc5d805ebd4515142dbc60ec,11871054
178,0,183671,0.0,0xa063b17e36a4e46716efccf487258eae5594416886bd018a8f5c98e12a634598,0xd1e5b0ff1287aa9f9a268759062e4ab08b9dacbe,0xb37df0506a1ec81f2cf856a0fac7c5033645c42e9676a380436d43bbee42292e,11871054
179,0,506994,0.0,0x72db95b27c240b28fcee389a848c3f483f63588034017be4b83c2314dc22fbf9,0xd1e5b0ff1287aa9f9a268759062e4ab08b9dacbe,0xe2927d41a051accb2f0716a731d1ffc74aaed7718e5c07578a2b53b756c8c68c,11871054
180,0,50843,0.0,0x5e61c0884b42e41c07fadfd256755b651f99106038157ce4fcfb0bcd173254cb,0xd1e5b0ff1287aa9f9a268759062e4ab08b9dacbe,0x664ed17168558fdefbc89b8e15c2f859eb02fb44089f9371149c093ee000600c,11871054
181,0,336410,0.0,0xf4077dbbb06a3e9feeb7176e0a2f1de886c2774b6dcfcda7f957a10cb393d958,0xd1e5b0ff1287aa9f9a268759062e4ab08b9dacbe,0xba7bea82600ef4da17f02491d0c1a2962fb2e53894dcfd2a910a9944f081224e,11871054
182,0,111252,0.0,0x25ecbc9c6a23d9c444687cc223b3812f8054c63278a0c03b8d6049d4706d8516,0xd1e5b0ff1287aa9f9a268759062e4ab08b9dacbe,0x42380e79a97a37d2fd29371888aa9dfe9c79f31efd36806540669f1645def337,11871054
183,0,394755,0.0,0xd167606b3a6e04981fa81b35a38723839edd2dc47f0042f7105c4e512962b708,0xd1e5b0ff1287aa9f9a268759062e4ab08b9dacbe,0xd7c32801dffed27ff58596f0d7777f23e408051e1a09ca3eaa5456131fea7fa5,11871054
184,595605,668369,0.0,0x0000000000000000000000000000000000000000000000000000000000004afd,0xb932a70a57673d89f4acffbe830e8ed7f75fb9e0,0x9b0130be5b4f1334b27579fbc9644fe16712097fb54f6abfa71408ed04afae8d,11871229
185,0,852910,0.0,0x12e54a08fd658e1a0eccc02d752d189fde66b59652474ca9a9e80d38d60940b5,0xd1e5b0ff1287aa9f9a268759062e4ab08b9dacbe,0x8df73bde284cda8e1747f2fcd7467be22261337d74c0df0faa349fb023bace66,11871378
186,0,673686,0.0,0xf93f8ae42f7a232952ed0eceb3cdaba569d02a5e508fc554c25edbccbad404bc,0xd1e5b0ff1287aa9f9a268759062e4ab08b9dacbe,0xd4738622168c8a886dc133f3a53a69f450656a33692c14df998cdeb0248436b8,11871378
187,60173,940694,0.0,0x00000000000000000000000000000000000000000000000000000000000016fe,0xc2c747e0f7004f9e8817db2ca4997657a7746928,0xd8afb5ebff3dbac90ff3619df7836b44400f1a82314c75276d5136a7c1977b20,11871354
188,0,265658,0.0,0xb25f39e56cee6d4431ed6fa02182ffa00eb8492af7f6a457a62089a4fea4025e,0xd1e5b0ff1287aa9f9a268759062e4ab08b9dacbe,0x8180d64cdc84b3b48a4bb205ad19654c1142649d926b06be254e81fc2a837390,11871130
189,0,461653,0.0,0x97ab57abd2c6d190c77b5056b75453b9ef6c3728e8698d0d951b2ad19195f69d,0xd1e5b0ff1287aa9f9a268759062e4ab08b9dacbe,0x74da509eee8c23cb74755d0a45ca59c1873f1b036b27655ae142eafd2073505b,11871154
190,0,882083,0.0,0xf728e34ff7ce2dda4ef22b1282a55cb01ec6664afb9e534af5e47c47389844a3,0xd1e5b0ff1287aa9f9a268759062e4ab08b9dacbe,0x855ff184df3091e025042e598570e45a12986056ea5ab691bc9aea4656df11f5,11871154
191,0,125507,0.0,0x95cdc8d729107b87eda8a9622e6a8dbbe13c66c11af6ea1b675ec77fb2e303b2,0xd1e5b0ff1287aa9f9a268759062e4ab08b9dacbe,0xf9888a5ac03ecd292bcad723835e98109ff6f518ef1783bfe8b479ef02817d47,11871154
192,0,758076,0.0,0xb122c39d1dca1cbf573948d7c162236428f7468d7006f9dbd64beee38c512cbf,0xd1e5b0ff1287aa9f9a268759062e4ab08b9dacbe,0x45f7afa9d13dccd49e78c918590880f0cfe94dd973f2c89d0c6d6fb84b974b4f,11871154
193,593692,463584,0.0,0x804d75875cf26d139cf13f52e96218bb747557c0c5f7d7a6e94abf6b806a0fa1,0x629a673a8242c2ac4b7b8c5d8735fbeac21a6205,0xec29aa320f87677546d5cfc74a4af774ed209c0849c5e8d15ff8509806e26127,11871005
194,116400,38646,0.0,0x96475a95b36436417579c4cc13155ea2d415125e4e07c5a2d2d9ed7fa94cfcbc,0x629a673a8242c2ac4b7b8c5d8735fbeac21a6205,0x78754abbee8bb82e7abb0be51de8ec44d750d717072c29f42695fa1f8dd85bd9,11871005
195,246215,1056786,0.0,0x818781f744185752af8dd92b7b01bdd4567d7ed9e41774aa08ec5534c3a69077,0x629a673a8242c2ac4b7b8c5d8735fbeac21a6205,0xe135112a7d0fa5f71c09ff2f0ed06b1828f090e0b03feb1efedf583e9361c1f9,11871005
196,722983,509886,0.0,0x23589098aba7da176e72626dde045a32712c283eaa753e970638c432117aa0eb,0x629a673a8242c2ac4b7b8c5d8735fbeac21a6205,0x80a77a478fde6606fd5c14b3860a0859ebce3caff94d6cf7f41155f1412981e8,11871005
197,405821,1000539,0.0,0xee4502c92fba95edacceab1e485cc8dea7e7677a25047b95c088d4c0e7a53811,0x629a673a8242c2ac4b7b8c5d8735fbeac21a6205,0xee05b8b97fb968381ba3d38ef84ace514fc76d247040f2beb1190f506f78a26f,11871005
198,569628,51406,0.0,0x53accd3f91e2114c26edb0660abbedee87920e7c176f0e1e6e51d21b90e03c79,0x629a673a8242c2ac4b7b8c5d8735fbeac21a6205,0xb36086cbcb02baa913108f52cd80d3ca8a5f52d18dafcd490a5ed0b476c3cc00,11871005
199,1069660,870362,0.0,0x000000000000000000000000000000000000000000000000000000000000017c,0x3b3ee1931dc30c1957379fac9aba94d1c48a5405,0xd99fa27c54356fdc6a58477e2c7ddedcbf06391f5487e27878845e9e2c4daf36,11871354
