0xf91c0ff4ddc0aba938b43ec4cac4d9e5d587f256585c1351a663d2fceaf48bb0,6639,0x4b7a75ed27b6f574a002f71866e56b0fb4c23cef701d6d46454f7dcb9373cdb9,13046596,0,0xfec9e110d021d66c823a893bb4f827e78365d000,0xa2b16c27c0766a1df18892f7b0413b4f5806ee4d,5.92E+17,21000,83094058460,0x,1629254237,,,
0x2f0730c50187aabff2c7a00dd1aa5d0e376796ba013582066396573293bc8b72,27885,0x4b7a75ed27b6f574a002f71866e56b0fb4c23cef701d6d46454f7dcb9373cdb9,13046596,1,0x287dc8295e10878be9e20cb72e28c0e89bfe73b7,0x4d246be90c2f36730bb853ad41d0a189061192d3,0,700000,79000000000,0xc18a84bc000000000000000000000000c12167b1187855d8c18af2ff7e6ae3086c2ae84400000000000000000000000000000000000000000000000000000000000000400000000000000000000000000000000000000000000000000000000000000144883df23000000000000000000000000000000000000000000000000000000000000000e0000000000000000000000000a0b86991c6218b36c1d19d4a2e9eb0ce3606eb4800000000000000000000000000000000000000000000000000000009502f9000000000000000000000000000000000000000000000001b4a6f38288f26d0328000000000000000000000000000000000000000000000000000000000611c72db000000000000000000000000223a719005e758599dfc7840507c67e5240a930e0000000000000000000000000000000000000000000000000000076362ee5c68000000000000000000000000000000000000000000000000000000000000002ba0b86991c6218b36c1d19d4a2e9eb0ce3606eb48000bb8bbbbca6a901c926f240b89eacb641d8aec7aeafd00000000000000000000000000000000000000000000000000000000000000000000000000000000000000000000000000,1629254237,,,
0xdb0e89422f418b145c328141828d15f091c8f7357f13e5a83a8edc8160294512,0,0x4b7a75ed27b6f574a002f71866e56b0fb4c23cef701d6d46454f7dcb9373cdb9,13046596,2,0xb2119babe51d8a36696b8f161c81ad6a319b8fda,0xdac17f958d2ee523a2206206994597c13d831ec7,0,52941,68000000000,0xa9059cbb00000000000000000000000063a395b574d5e23c3dbc6986be5994ef6743afa8000000000000000000000000000000000000000000000000000000000544e13a,1629254237,,,
0x1bda3d07c435048d520c7653e41beb226d783bb2e812a6141cd12abb86ce1540,1,0x4b7a75ed27b6f574a002f71866e56b0fb4c23cef701d6d46454f7dcb9373cdb9,13046596,3,0xcb4551ab04028dcbbd0586ece46a74d9fd4c56d6,0xdac17f958d2ee523a2206206994597c13d831ec7,0,67987,68000000000,0xa9059cbb00000000000000000000000063a395b574d5e23c3dbc6986be5994ef6743afa80000000000000000000000000000000000000000000000000000000008f0d180,1629254237,,,
0x7fe5a2e0af134334310de8db9cd716003f5571ca24e1c35c7e84a45c922c8780,76,0x4b7a75ed27b6f574a002f71866e56b0fb4c23cef701d6d46454f7dcb9373cdb9,13046596,4,0x8bd976c1dbefdd0e5f4a27e92448b87aba04e240,0xa2b4c0af19cc16a6cfacce81f192b024d625817d,0,150000,60000000000,0xa9059cbb0000000000000000000000006cc5f688a315f3dc28a7781717a9a798a59fda7b00000000000000000000000000000000000000000000000f2d497fcfb74ace00,1629254237,,,
0x93e1219cd6fa5d33e397fbae73a4d15892b457ce04bcf779c18f460f544446ce,0,0x4b7a75ed27b6f574a002f71866e56b0fb4c23cef701d6d46454f7dcb9373cdb9,13046596,5,0x29ea6acb2740bdd063c44174ec315d5fd5f72d57,0xa2b4c0af19cc16a6cfacce81f192b024d625817d,0,150000,60000000000,0xa9059cbb0000000000000000000000006cc5f688a315f3dc28a7781717a9a798a59fda7b00000000000000000000000000000000000000000000000d5642666a23ad4000,1629254237,,,
0xdc279c6697f0f4f261ec9b61604677f6065899103361c1385101a471cef176e6,18,0x4b7a75ed27b6f574a002f71866e56b0fb4c23cef701d6d46454f7dcb9373cdb9,13046596,6,0x8417a0e6241f6d4b985519b94d3024c06fa04f40,0xa2b4c0af19cc16a6cfacce81f192b024d625817d,0,150000,60000000000,0xa9059cbb0000000000000000000000006cc5f688a315f3dc28a7781717a9a798a59fda7b00000000000000000000000000000000000000000000000da0bd61e97173fdc0,1629254237,,,
0x6f933a51f46c6e933525afa1e6e4a26e824ab1ae336e1a65519c1fafa76775fa,0,0x4b7a75ed27b6f574a002f71866e56b0fb4c23cef701d6d46454f7dcb9373cdb9,13046596,7,0x77c76fab2e9208f01674b6d677751012879e1a94,0xa2b4c0af19cc16a6cfacce81f192b024d625817d,0,150000,60000000000,0xa9059cbb0000000000000000000000006cc5f688a315f3dc28a7781717a9a798a59fda7b00000000000000000000000000000000000000000000000d561eccc2c47cd6c2,1629254237,,,
0x4672ade0d0206f0440382183dff4f801be7746c1fd197c354e4a5cf1535c1e50,1024058,0x4b7a75ed27b6f574a002f71866e56b0fb4c23cef701d6d46454f7dcb9373cdb9,13046596,8,0xdfd5293d8e347dfe59e90efd55b2956a1343963d,0x476c5e26a75bd202a9683ffd34359c0cc15be0ff,0,207128,60000000000,0xa9059cbb00000000000000000000000041db4382862256f37f370bbb6394d864582cde3100000000000000000000000000000000000000000000000000000000e24961e0,1629254237,,,
0xc27d48ab7ee3b16bc70654c96d6622db2cf66a08bddb87cbe1a60ab3f2f2d640,1153555,0x4b7a75ed27b6f574a002f71866e56b0fb4c23cef701d6d46454f7dcb9373cdb9,13046596,9,0x21a31ee1afc51d94c2efccaa2092ad1028285549,0xdac17f958d2ee523a2206206994597c13d831ec7,0,207128,60000000000,0xa9059cbb000000000000000000000000cf939b7538579c4f3a578e482c457cda2d7b75be0000000000000000000000000000000000000000000000000000000005f5e100,1629254237,,,
0xfca2ded540627ea72c2ad8864a37f626fe6511ce8009c1e5572f71ca91439e6f,1293118,0x4b7a75ed27b6f574a002f71866e56b0fb4c23cef701d6d46454f7dcb9373cdb9,13046596,10,0x28c6c06298d514db089934071355e5743bf21d60,0xa69542affa1302db78495b6938dbf18d8630384b,4.86078E+16,207128,60000000000,0x,1629254237,,,
0x69c3a12ec93910a9c74843b1f6e17af6d24214687adcc456e52446a07e0d22fa,882993,0x4b7a75ed27b6f574a002f71866e56b0fb4c23cef701d6d46454f7dcb9373cdb9,13046596,11,0x56eddb7aa87536c09ccc2793473599fd21a8b17f,0xdac17f958d2ee523a2206206994597c13d831ec7,0,207128,60000000000,0xa9059cbb000000000000000000000000d00f8d6cef430cf533296949cf0f38b8b0f743b500000000000000000000000000000000000000000000000000000000834e38d2,1629254237,,,
0xffca072f621c0447ad96e66e52807d38359c5d1eb40abbec3de78910606fe85a,858154,0x4b7a75ed27b6f574a002f71866e56b0fb4c23cef701d6d46454f7dcb9373cdb9,13046596,12,0x9696f59e4d72e237be84ffd425dcad154bf96976,0x2d61fec704f4c17d25e9ffd6b069184f0679f9c7,3.80269E+15,207128,60000000000,0x,1629254237,,,
0x46ee39e7082e8f8fe79cd1a68ad625d027f609f3fc7507fcc1ab787ed9ab06f7,1153556,0x4b7a75ed27b6f574a002f71866e56b0fb4c23cef701d6d46454f7dcb9373cdb9,13046596,13,0x21a31ee1afc51d94c2efccaa2092ad1028285549,0x337e7fbaed3374348c6cb7e98955698ea287e4ca,9.60999E+17,207128,60000000000,0x,1629254237,,,
0x4a8205811c00fb5008b651127608f43a0edfc9075b9b30d20098a3a5187be6db,452748,0x4b7a75ed27b6f574a002f71866e56b0fb4c23cef701d6d46454f7dcb9373cdb9,13046596,14,0x68b22215ff74e3606bd5e6c1de8c2d68180c85f7,0xb90e003d78ca943f89665c33a75a87f4fa182b82,8.55E+15,40000,57000000000,0x,1629254237,,,
0xb679d5f382eff7c7d348b39031e41971b9b00b2be47bd1a26c3b8ebbf90bd121,1377624,0x4b7a75ed27b6f574a002f71866e56b0fb4c23cef701d6d46454f7dcb9373cdb9,13046596,15,0xa1d8d972560c2f8144af871db508f0b0b10a3fbf,0xa0b86991c6218b36c1d19d4a2e9eb0ce3606eb48,0,123188,50000000000,0xa9059cbb0000000000000000000000005392bd00571157fa11103b0ee6d492c9563a679900000000000000000000000000000000000000000000000000000046cbecbb40,1629254237,,,
0x86615570f9e31df3ea64ce973931d4dd261dd4e408993eb442ea76441c10874f,149358,0x4b7a75ed27b6f574a002f71866e56b0fb4c23cef701d6d46454f7dcb9373cdb9,13046596,16,0x4ad64983349c49defe8d7a4686202d24b25d0ce8,0x35e806b6107dd34b225243556e2e1613a799a06c,1E+16,60000,50000000000,0x,1629254237,,,
0xf12550ded4b6c3baca6380d979bf5a710a030bd5d63c2bdfbbd5608d560c64a8,149359,0x4b7a75ed27b6f574a002f71866e56b0fb4c23cef701d6d46454f7dcb9373cdb9,13046596,17,0x4ad64983349c49defe8d7a4686202d24b25d0ce8,0x977af3768e989b41ccd3aaefa6e167910acf8e6f,4.5035E+17,60000,50000000000,0x,1629254237,,,
0x2d34c864fbd4898f5893bb94b112bba4c18cc8d74b0722adc1c39fa1ad4a51b8,83,0x4b7a75ed27b6f574a002f71866e56b0fb4c23cef701d6d46454f7dcb9373cdb9,13046596,18,0xc40a8623e37dc7c7a05d7243b469c1e0192e6b84,0x1ca12f70dfe5a05546d12cf42f3ee2863db93e3b,3.3194E+17,21000,48710449163,0x,1629254237,,,
0x3ece647ee4fcdf85350d927e745277715d119518b6feeb427c05b11288358906,1,0x4b7a75ed27b6f574a002f71866e56b0fb4c23cef701d6d46454f7dcb9373cdb9,13046596,19,0x28bc3b805bb0d566395d0243bb2c3bf147e1786e,0x990f341946a3fdb507ae7e52d17851b87168017c,0,102177,48000000000,0xa9059cbb000000000000000000000000a1d8d972560c2f8144af871db508f0b0b10a3fbf00000000000000000000000000000000000000000000000081075afd5f31bffe,1629254237,,,
0x021dd71fb0fc42de0077952b48554a706cb771639c134def4fbd583cd73b5512,18,0x4b7a75ed27b6f574a002f71866e56b0fb4c23cef701d6d46454f7dcb9373cdb9,13046596,20,0xe85c00f82a0fda9d3a61148057cbeac5eef67668,0xa0b86991c6218b36c1d19d4a2e9eb0ce3606eb48,0,97608,48000000000,0xa9059cbb00000000000000000000000028c6c06298d514db089934071355e5743bf21d6000000000000000000000000000000000000000000000000000000008131ddefc,1629254237,,,
0xfac67ea30e752b522df1f9fc7b8d15a41b37aa0520f0b084a578e1c386c01cdd,0,0x4b7a75ed27b6f574a002f71866e56b0fb4c23cef701d6d46454f7dcb9373cdb9,13046596,21,0xe9001bb1cb3dabbabc6c24b5defd9a226842c5cb,0xc00e94cb662c3520282e6f5717214004a7f26888,0,110483,48000000000,0xa9059cbb000000000000000000000000a1d8d972560c2f8144af871db508f0b0b10a3fbf000000000000000000000000000000000000000000000000032a04cac0ca0000,1629254237,,,
0x698552c2bb0603c5d3167b921af87b40345caadebb7f29df6cdee0039ba0f45c,0,0x4b7a75ed27b6f574a002f71866e56b0fb4c23cef701d6d46454f7dcb9373cdb9,13046596,22,0xeec50442661accb58231684e633f8683587e359a,0xf411903cbc70a74d22900a5de66a2dda66507255,0,131760,48000000000,0xa9059cbb000000000000000000000000a1d8d972560c2f8144af871db508f0b0b10a3fbf000000000000000000000000000000000000000000000c7e657b0c9a4ee00000,1629254237,,,
0x7336e833cafcd0039875b64c61d6ffdc29f95a4bff0fbdc62a9a3559f306ff17,20,0x4b7a75ed27b6f574a002f71866e56b0fb4c23cef701d6d46454f7dcb9373cdb9,13046596,23,0x14ebcd509a2bc5963b3f0b5ee8e4186a671d2041,0xd9e1ce17f2641f24ae83637ab66a2cca9c378b9f,1.5E+18,251713,47000000000,0xf305d7190000000000000000000000002e9d63788249371f1dfc918a52f8d799f4a38c9400000000000000000000000000000000000000000000000add6a5970c1b7f04d00000000000000000000000000000000000000000000000acf82233bb68289fb00000000000000000000000000000000000000000000000014b66cd7a745400000000000000000000000000014ebcd509a2bc5963b3f0b5ee8e4186a671d204100000000000000000000000000000000000000000000000000000000611c7903,1629254237,,,
0xeb3eb1c51a24a7a6341a88aa049c1f0be27a671b9d91b19049f51df8606047cc,65,0x4b7a75ed27b6f574a002f71866e56b0fb4c23cef701d6d46454f7dcb9373cdb9,13046596,24,0xe7072803b6983888dbc2f0fe98dfe894b324d54e,0xe7072803b6983888dbc2f0fe98dfe894b324d54e,0,141066,46000000000,0x,1629254237,,,
0x7ee6f80e1ddef1b7e8f8c80ac4b99be4fb1c46748d8bbaa1c9c1640999cdba37,1,0x4b7a75ed27b6f574a002f71866e56b0fb4c23cef701d6d46454f7dcb9373cdb9,13046596,25,0x0ca69e72aab21fcd4aeb5004110a102c992735ad,0x6b3595068778dd592e39a122f4f5a5cf09c90fe2,0,46507,45000000000,0x095ea7b3000000000000000000000000881d40237659c251811cec9c364ef91dc08d300cffffffffffffffffffffffffffffffffffffffffffffffffffffffffffffffff,1629254237,,,
0xc2c1b156ba3894b08c64e73d88494d5375f57f4711ad80bb6b58c522779ac9fb,2,0x4b7a75ed27b6f574a002f71866e56b0fb4c23cef701d6d46454f7dcb9373cdb9,13046596,26,0x0ca69e72aab21fcd4aeb5004110a102c992735ad,0x881d40237659c251811cec9c364ef91dc08d300c,0,405000,45000000000,0x5f57552900000000000000000000000000000000000000000000000000000000000000800000000000000000000000006b3595068778dd592e39a122f4f5a5cf09c90fe200000000000000000000000000000000000000000000000293704e700678d25800000000000000000000000000000000000000000000000000000000000000c0000000000000000000000000000000000000000000000000000000000000000d706d6d46656544796e616d69630000000000000000000000000000000000000000000000000000000000000000000000000000000000000000000000000004400000000000000000000000006b3595068778dd592e39a122f4f5a5cf09c90fe2000000000000000000000000000000000000000000000000000000000000000000000000000000000000000000000000000000000000000293704e700678d25800000000000000000000000000000000000000000000000002a671b016d3bdca000000000000000000000000000000000000000000000000000000000000012000000000000000000000000000000000000000000000000000062c8bc8e516c8000000000000000000000000e553af3d6d197782c6fe8e7c38b052f54f108ad500000000000000000000000000000000000000000000000000000000000000010000000000000000000000000000000000000000000000000000000000000320000000000000000000000000000000000000000000000000000000000000006000000000000000000000000000000000000000000000000293704e700678d25800000000000000000000000000000000000000000000000000000000000002a000000000000000000000000056178a0d5f301baf6cf3e1cd53d9863437345bf900000000000000000000000074de5d4fcbf63e00296fd95d33236b979401663100000000000000000000000055662e225a3376759c24331a9aed764f8f0c9fbb000000000000000000000000000000000000000000000000000000000000000000000000000000000000000000000000000000000000000002c2d332c97d980000000000000000000000000000000000000000000000000294952bcdec9800000000000000000000000000000000000000000000000000000000000000000000000000000000000000000000000000000000000000000000000000000000000000000000000000000000000000000000000000000000000000000000611c72ac01ffffffffffffffffffffffffffffffffffffff0901a759611c72160000001b000000000000000000000000000000000000000000000000000000000000018000000000000000000000000000000000000000000000000000000000000001e00000000000000000000000000000000000000000000000000000000000000024f47261b0000000000000000000000000c02aaa39b223fe8d0a0e5c4f27ead9083c756cc2000000000000000000000000000000000000000000000000000000000000000000000000000000000000000000000000000000000000000000000024f47261b00000000000000000000000006b3595068778dd592e39a122f4f5a5cf09c90fe20000000000000000000000000000000000000000000000000000000000000000000000000000000000000000000000000000000000000000000000421b7973015ac9af133706110e4aa485680d5f186db456faebe90baafcc41d77959a0ada311923619686aef92abc1ed1a85303effe8c02fb6bdd8a84c1727f22604f03000000000000000000000000000000000000000000000000000000000000f0,1629254237,,,
0x902da254e611fb270abab5a2489754f3981b603d9e66e60c09a52b6eeceedcde,162,0x4b7a75ed27b6f574a002f71866e56b0fb4c23cef701d6d46454f7dcb9373cdb9,13046596,27,0x58077bc939e7d5464f022a483b53ffe3a0bedcb1,0x881d40237659c251811cec9c364ef91dc08d300c,5E+17,205027,44000000000,0x5f5755290000000000000000000000000000000000000000000000000000000000000080000000000000000000000000000000000000000000000000000000000000000000000000000000000000000000000000000000000000000006f05b59d3b2000000000000000000000000000000000000000000000000000000000000000000c000000000000000000000000000000000000000000000000000000000000000147061726173776170563446656544796e616d696300000000000000000000000000000000000000000000000000000000000000000000000000000000000004200000000000000000000000000000000000000000000000000000000000000000000000000000000000000000c02aaa39b223fe8d0a0e5c4f27ead9083c756cc200000000000000000000000000000000000000000000000006f05b59d3b2000000000000000000000000000000000000000000000000000006bb10ee2c10800000000000000000000000000000000000000000000000000000000000000001200000000000000000000000000000000000000000000000000000000000000000000000000000000000000000c4d57904c4435a9348b56051e4dea6055d85a6a9000000000000000000000000000000000000000000000000000000000000000000000000000000000000000000000000000000000000000000000000000002e4cfc0afeb000000000000000000000000eeeeeeeeeeeeeeeeeeeeeeeeeeeeeeeeeeeeeeee000000000000000000000000c02aaa39b223fe8d0a0e5c4f27ead9083c756cc200000000000000000000000000000000000000000000000006f05b59d3b2000000000000000000000000000000000000000000000000000006bb10ee2c10800000000000000000000000000000000000000000000000000006f05b59d3b20000000000000000000000000000000000000000000000000000000000000000018000000000000000000000000000000000000000000000000000000000000001c000000000000000000000000000000000000000000000000000000000000002000000000000000000000000000000000000000000000000000000000000000260000000000000000000000000000000000000000000000000000000000000000000000000000000000000000000000000000000000000000000000000000002a000000000000000000000000000000000000000000000000000000000000000000000000000000000000000000000000000000000000000000000000000000001000000000000000000000000c02aaa39b223fe8d0a0e5c4f27ead9083c756cc20000000000000000000000000000000000000000000000000000000000000004d0e30db000000000000000000000000000000000000000000000000000000000000000000000000000000000000000000000000000000000000000000000000200000000000000000000000000000000000000000000000000000000000000000000000000000000000000000000000000000000000000000000000000000004000000000000000000000000000000000000000000000000000000000000000100000000000000000000000000000000000000000000000006f05b59d3b20000000000000000000000000000000000000000000000000000000000000000000a6d6574616d61736b5f31000000000000000000000000000000000000000000000000000000000000000000000000000000000000000000000000000030,1629254237,,,
0x0da1e053c8e10325d3eb30f993e06cb6945725d8c67973a74fb6a3961d0283a8,286,0x4b7a75ed27b6f574a002f71866e56b0fb4c23cef701d6d46454f7dcb9373cdb9,13046596,28,0xe9fc3e1d0972c5a10f4eddc87e2cba23c081fe9a,0x7a250d5630b4cf539739df2c5dacb4c659f2488d,0,202347,43000000000,0x8803dbee000000000000000000000000000000000000000000000000000000012a05f2000000000000000000000000000000000000000000df3285dbdc1f175aeade42fb00000000000000000000000000000000000000000000000000000000000000a0000000000000000000000000e9fc3e1d0972c5a10f4eddc87e2cba23c081fe9a00000000000000000000000000000000000000000000000000000000611c73410000000000000000000000000000000000000000000000000000000000000003000000000000000000000000761d38e5ddf6ccf6cf7c55759d5210750b5d60f3000000000000000000000000c02aaa39b223fe8d0a0e5c4f27ead9083c756cc2000000000000000000000000dac17f958d2ee523a2206206994597c13d831ec7,1629254237,,,
0x7f00225921db2f7d200cf6850049298f58d1c270a223a6a1d6826b388fec1a9a,17,0x4b7a75ed27b6f574a002f71866e56b0fb4c23cef701d6d46454f7dcb9373cdb9,13046596,29,0xc9d60907cceba3fc360908ebedf3e6002498367d,0xfe447f36746511c32d58408d07c7baac765e6e72,1.38536E+17,21000,43000000000,0x,1629254237,,,
0xbb07eac677f6e90f85ee3cc44cf809ca0a16f8d12c1e56ea07c5e1ae69f12187,278,0x4b7a75ed27b6f574a002f71866e56b0fb4c23cef701d6d46454f7dcb9373cdb9,13046596,30,0x0a504059bd359771ba00675bf9f3498acee9d9a2,0xdac17f958d2ee523a2206206994597c13d831ec7,0,70000,42990000000,0xa9059cbb0000000000000000000000004fea516b451d8ddb64825a10b312370beca33b9100000000000000000000000000000000000000000000000000000000d2860b00,1629254237,,,
0xd8f7b633117dc7a83be931ab9be97c5469790dc23462d4f68386edc565ab284f,262,0x4b7a75ed27b6f574a002f71866e56b0fb4c23cef701d6d46454f7dcb9373cdb9,13046596,31,0x8f4cf9e7e22a0bad9eb266e98dcb037d7b654061,0x7dead46936058631e3dbef32f482f1b1a33d11de,5.70543E+15,21000,42598809108,0x,1629254237,,,
0xe268873ab0e7737a0803fd7522e0232926b4e3b6d884a3ae31e5723446b260bf,9,0x4b7a75ed27b6f574a002f71866e56b0fb4c23cef701d6d46454f7dcb9373cdb9,13046596,32,0x677acb6c5ace36aa49cdb275354f6dd10382986d,0x18aaa7115705e8be94bffebde57af9bfc265b998,0,64904,42310299768,0x095ea7b3000000000000000000000000e592427a0aece92de3edee1f18e0157c05861564ffffffffffffffffffffffffffffffffffffffffffffffffffffffffffffffff,1629254237,,,
0xcf9f4da729b87e2156f9260ed554465c95991ecc2813e3653538ed9b79820383,134,0x4b7a75ed27b6f574a002f71866e56b0fb4c23cef701d6d46454f7dcb9373cdb9,13046596,33,0x777f76af924eddb428c6a2c1e1d3460d89cdfa61,0x7a250d5630b4cf539739df2c5dacb4c659f2488d,4.57353E+16,172395,42000000000,0x7ff36ab5000000000000000000000000000000000000000000000006cb2c8fb6ccd360f30000000000000000000000000000000000000000000000000000000000000080000000000000000000000000777f76af924eddb428c6a2c1e1d3460d89cdfa6100000000000000000000000000000000000000000000000000000000611c76d60000000000000000000000000000000000000000000000000000000000000002000000000000000000000000c02aaa39b223fe8d0a0e5c4f27ead9083c756cc20000000000000000000000008b3192f5eebd8579568a2ed41e6feb402f93f73f,1629254237,,,
0xac42c1275590142a4afd8e9541377a51758048786fa4c389481ae0eeb91c56da,5,0x4b7a75ed27b6f574a002f71866e56b0fb4c23cef701d6d46454f7dcb9373cdb9,13046596,34,0x1dfd753d0b19b3f0c36a2a80808cfb98afffa290,0xbc6da0fe9ad5f3b0d58160288917aa56653660e9,0,46654,42000000000,0x095ea7b300000000000000000000000043b4fdfd4ff969587185cdb6f0bd875c5fc83f8cffffffffffffffffffffffffffffffffffffffffffffffffffffffffffffffff,1629254237,,,
0xc590c861345637955aa49584b7c2933c2d06cb3dba0d09930229f48c1f71c450,1,0x4b7a75ed27b6f574a002f71866e56b0fb4c23cef701d6d46454f7dcb9373cdb9,13046596,35,0x27a78a361bb420cb7d6ec1cf9b4c886f7abc79c6,0x00b7db6b4431e345eee5cc23d21e8dbc1d5cada3,0,55107,42000000000,0xa9059cbb000000000000000000000000ec9abadc598ea621cd0d91639169e58d23d2884a0000000000000000000000000000000000000000000000004563918244f40000,1629254237,,,
0xee91933fe2df00f6f3c725e68b23c6de342da23af5b2e375e937b8023e14b93f,3,0x4b7a75ed27b6f574a002f71866e56b0fb4c23cef701d6d46454f7dcb9373cdb9,13046596,36,0x9615443e9b40bedcf7b24400223a15b5457b0007,0x7be8076f4ea4a4ad08075c2508e481d6c946d12b,6.5E+16,297954,42000000000,0xab834bab0000000000000000000000007be8076f4ea4a4ad08075c2508e481d6c946d12b0000000000000000000000009615443e9b40bedcf7b24400223a15b5457b00070000000000000000000000009803692503f9e8ff7b67c45a70f4ff2c9aba509e00000000000000000000000000000000000000000000000000000000000000000000000000000000000000008184a482a5038b124d933b779e0ea6e0fb72f54e000000000000000000000000000000000000000000000000000000000000000000000000000000000000000000000000000000000000000000000000000000000000000000000000000000007be8076f4ea4a4ad08075c2508e481d6c946d12b0000000000000000000000009803692503f9e8ff7b67c45a70f4ff2c9aba509e00000000000000000000000000000000000000000000000000000000000000000000000000000000000000005b3256965e7c3cf26e11fcaf296dfc8807c010730000000000000000000000008184a482a5038b124d933b779e0ea6e0fb72f54e0000000000000000000000000000000000000000000000000000000000000000000000000000000000000000000000000000000000000000000000000000000000000000000000000000000000000000000000000000000000000000000002ee00000000000000000000000000000000000000000000000000000000000000000000000000000000000000000000000000000000000000000000000000000000000000000000000000000000000000000000000000000000000000000000000000000000000000000000000000000000000000000000000000e6ed27d6668000000000000000000000000000000000000000000000000000000000000000000000000000000000000000000000000000000000000000000000000000611c71e600000000000000000000000000000000000000000000000000000000000000005cd5a0cac9e39d3536fa9694463e05db46579923abd04a5adf92ec2d7804993500000000000000000000000000000000000000000000000000000000000002ee00000000000000000000000000000000000000000000000000000000000000000000000000000000000000000000000000000000000000000000000000000000000000000000000000000000000000000000000000000000000000000000000000000000000000000000000000000000000000000000000000e6ed27d6668000000000000000000000000000000000000000000000000000000000000000000000000000000000000000000000000000000000000000000000000000611c6ba30000000000000000000000000000000000000000000000000000000000000000405e1ce184d8ff16b58db81b57da9184c3fb0986cc9ebe6d58853d4f28cb0b5e0000000000000000000000000000000000000000000000000000000000000001000000000000000000000000000000000000000000000000000000000000000000000000000000000000000000000000000000000000000000000000000000000000000000000000000000000000000000000000000000000000000000000000000000000000000000000000000000000000000000000000000000000000000100000000000000000000000000000000000000000000000000000000000000010000000000000000000000000000000000000000000000000000000000000000000000000000000000000000000000000000000000000000000000000000000000000000000000000000000000000000000000000000000000000000000006a0000000000000000000000000000000000000000000000000000000000000074000000000000000000000000000000000000000000000000000000000000007e0000000000000000000000000000000000000000000000000000000000000088000000000000000000000000000000000000000000000000000000000000009200000000000000000000000000000000000000000000000000000000000000940000000000000000000000000000000000000000000000000000000000000001c000000000000000000000000000000000000000000000000000000000000001cb77199b5c99c9d1a8b761f5e45ce3badafbc89174f4e7862418f7133fddbd6ac5f1a3dd1770703ec9c94546baddca26b3ff778036044056d8664b79473165d9db77199b5c99c9d1a8b761f5e45ce3badafbc89174f4e7862418f7133fddbd6ac5f1a3dd1770703ec9c94546baddca26b3ff778036044056d8664b79473165d9d2d2193f337a4e446c14caa5c90e7b5849203acd0000000000000000000000000000000000000000000000000000000000000000000000000000000000000006423b872dd00000000000000000000000000000000000000000000000000000000000000000000000000000000000000009615443e9b40bedcf7b24400223a15b5457b000700000000000000000000000000000000000000000000000000000000000019ce00000000000000000000000000000000000000000000000000000000000000000000000000000000000000000000000000000000000000000000006423b872dd0000000000000000000000009803692503f9e8ff7b67c45a70f4ff2c9aba509e000000000000000000000000000000000000000000000000000000000000000000000000000000000000000000000000000000000000000000000000000019ce00000000000000000000000000000000000000000000000000000000000000000000000000000000000000000000000000000000000000000000006400000000ffffffffffffffffffffffffffffffffffffffffffffffffffffffffffffffff00000000000000000000000000000000000000000000000000000000000000000000000000000000000000000000000000000000000000000000000000000000000000000000000000000000000000000000000000000000000000000000000000000000000000000000000000000000000000000000000000000064000000000000000000000000000000000000000000000000000000000000000000000000ffffffffffffffffffffffffffffffffffffffffffffffffffffffffffffffff00000000000000000000000000000000000000000000000000000000000000000000000000000000000000000000000000000000000000000000000000000000000000000000000000000000000000000000000000000000000000000000000000000000000000000000000000000000000000000000000000000000,1629254237,,,
0xf9b909ada088cabe669b9b9ff4e257ba12ea360ff9cf83f511859a7cff47886a,702392,0x4b7a75ed27b6f574a002f71866e56b0fb4c23cef701d6d46454f7dcb9373cdb9,13046596,37,0x340d693ed55d7ba167d184ea76ea2fd092a35bdc,0xd19f57b5663afcb53f670b609eb27bc3c8bda934,1.98778E+17,21000,42000000000,0x,1629254237,,,
0x7ab4863dcce354d01ad4565bff1caa8f8e83f81b026004d6c8d01dc9a81a9c59,1733,0x4b7a75ed27b6f574a002f71866e56b0fb4c23cef701d6d46454f7dcb9373cdb9,13046596,38,0xd4b811598d6a08f65d10146674c5465308713a5d,0x514910771af9ca656af840dff83e8264ecf986ca,0,70108,42000000000,0x095ea7b30000000000000000000000002d615795a8bdb804541c69798f13331126ba0c09ffffffffffffffffffffffffffffffffffffffffffffffffffffffffffffffff,1629254237,,,
0x0b5eff24a80bc712555f89fa6ddf4068f4f9f4d8df825b3e31b49d2c00777f66,68,0x4b7a75ed27b6f574a002f71866e56b0fb4c23cef701d6d46454f7dcb9373cdb9,13046596,39,0x4f0297c334f5b5a65aff3b8c0faeae86b3f5aa0d,0xc02aaa39b223fe8d0a0e5c4f27ead9083c756cc2,0,54022,41800000000,0x2e1a7d4d00000000000000000000000000000000000000000000000006f05b59d3b20000,1629254237,,,
0x5473a7e4d2da3af50516f2932b51958bc91a144e8d3c3de2646b8f5c9db08bb4,71,0x4b7a75ed27b6f574a002f71866e56b0fb4c23cef701d6d46454f7dcb9373cdb9,13046596,40,0xb05f39e83dd1a54d99c5c4429187838c30297768,0xa0b86991c6218b36c1d19d4a2e9eb0ce3606eb48,0,97608,41000000000,0xa9059cbb00000000000000000000000028c6c06298d514db089934071355e5743bf21d6000000000000000000000000000000000000000000000000000000007d3da6e2c,1629254237,,,
0x4e0c15803bc3829119e04c78a199333db39f57b0b34125a7688fafb161559d90,155,0x4b7a75ed27b6f574a002f71866e56b0fb4c23cef701d6d46454f7dcb9373cdb9,13046596,41,0xdfb0b463edc3d3704dda529da1a2bb4e667b42af,0xdac17f958d2ee523a2206206994597c13d831ec7,0,92266,41000000000,0xa9059cbb00000000000000000000000028c6c06298d514db089934071355e5743bf21d6000000000000000000000000000000000000000000000000000000574faf97e40,1629254237,,,
0xf9ed9d77b39ac0a215ba9e96b9913240a228a44ec6ac5b4589072cde80457ac4,47,0x4b7a75ed27b6f574a002f71866e56b0fb4c23cef701d6d46454f7dcb9373cdb9,13046596,42,0x20fce08ce6cead0a04723236f4171f446eae4ec9,0xdac17f958d2ee523a2206206994597c13d831ec7,0,76242,41000000000,0xa9059cbb00000000000000000000000028c6c06298d514db089934071355e5743bf21d60000000000000000000000000000000000000000000000000000012309ce54000,1629254237,,,
0xbf57acf02c3bc822094f9d189b23d2adc59f11f61ec64e6b0b864799a7b2c431,5,0x4b7a75ed27b6f574a002f71866e56b0fb4c23cef701d6d46454f7dcb9373cdb9,13046596,43,0x12615ab3247d534edfaa4ab43f9557ef46a0ba52,0xa0b86991c6218b36c1d19d4a2e9eb0ce3606eb48,0,97608,41000000000,0xa9059cbb00000000000000000000000028c6c06298d514db089934071355e5743bf21d600000000000000000000000000000000000000000000000000000000994780ce7,1629254237,,,
0x0aef6bf8b1690ff1549a160b2b5bf01e4478056103da1279018b08f67c631b54,6,0x4b7a75ed27b6f574a002f71866e56b0fb4c23cef701d6d46454f7dcb9373cdb9,13046596,44,0xfdf85f57ca25e78c06396ba9ab62e17d3fc8ac1c,0xcc8fa225d80b9c7d42f96e9570156c65d6caaa25,0,68870,41000000000,0xa9059cbb00000000000000000000000028c6c06298d514db089934071355e5743bf21d600000000000000000000000000000000000000000000000000000000000001c34,1629254237,,,
0x2ad172289bd193c499b4b8db43ef0116ef8e20b165395222058d30c98a1efff9,11,0x4b7a75ed27b6f574a002f71866e56b0fb4c23cef701d6d46454f7dcb9373cdb9,13046596,45,0x778a6954e3f2d80a92631694e2282a0b14cd1e9e,0xa0b86991c6218b36c1d19d4a2e9eb0ce3606eb48,0,97584,41000000000,0xa9059cbb00000000000000000000000028c6c06298d514db089934071355e5743bf21d600000000000000000000000000000000000000000000000000000000f3a24ce00,1629254237,,,
0x39d1affac18c197ef52bdbbf4c431450be77f9d03818d9b1f97eea5bb8a7d33e,2,0x4b7a75ed27b6f574a002f71866e56b0fb4c23cef701d6d46454f7dcb9373cdb9,13046596,46,0x6f636a6122135449cc5de214a03587889dda1de0,0xa0b86991c6218b36c1d19d4a2e9eb0ce3606eb48,0,97608,41000000000,0xa9059cbb00000000000000000000000028c6c06298d514db089934071355e5743bf21d600000000000000000000000000000000000000000000000000000000c9d9f8abc,1629254237,,,
0x4164ae62886b30e62e2b41ace333feb9279a73ef0be30e601b54d4c33543a66e,146,0x4b7a75ed27b6f574a002f71866e56b0fb4c23cef701d6d46454f7dcb9373cdb9,13046596,47,0xc50b00d451e4ecd0906d98ed72dcdd1257468100,0xdac17f958d2ee523a2206206994597c13d831ec7,0,92242,41000000000,0xa9059cbb00000000000000000000000028c6c06298d514db089934071355e5743bf21d600000000000000000000000000000000000000000000000000000000f15acab38,1629254237,,,
0x027bc274972912a02a228a5c19c5ee77e7fb9c49187bbb08a80d947f6e95be8d,0,0x4b7a75ed27b6f574a002f71866e56b0fb4c23cef701d6d46454f7dcb9373cdb9,13046596,48,0x441c7bc27719ea0fb42b2986316e333687fde431,0x1ce319261565de6d71c29493c1834d8d3c7d1c45,1.36556E+17,42000,41000000000,0x,1629254237,,,
0x8b68a3b2bcfae511a73900ed2bd7c293c67e2fd068cae8b8a4f17788c95e2b52,3282,0x4b7a75ed27b6f574a002f71866e56b0fb4c23cef701d6d46454f7dcb9373cdb9,13046596,49,0x5077bad139cde8e7865a9f6d4c147c21bb13828e,0xdac17f958d2ee523a2206206994597c13d831ec7,0,92266,41000000000,0xa9059cbb00000000000000000000000028c6c06298d514db089934071355e5743bf21d600000000000000000000000000000000000000000000000000000015d65b5ce80,1629254237,,,
0x08918f940d778f8b562375c8b9468546d4ebc4c34f07b5f1689f37fd1d928bcf,300,0x4b7a75ed27b6f574a002f71866e56b0fb4c23cef701d6d46454f7dcb9373cdb9,13046596,50,0xe7a29797f8564cd5dd403e632cc73af896068de7,0xdac17f958d2ee523a2206206994597c13d831ec7,0,92242,41000000000,0xa9059cbb00000000000000000000000028c6c06298d514db089934071355e5743bf21d60000000000000000000000000000000000000000000000000000000656211fb0d,1629254237,,,
0x681728343f3d9b1a1068dfd0d5ca1821d4a921744367e68b5954873d7f4a0d3a,3,0x4b7a75ed27b6f574a002f71866e56b0fb4c23cef701d6d46454f7dcb9373cdb9,13046596,51,0x3548286a5519a0a5abdfc3915e3ae3e92677e55b,0xa0b86991c6218b36c1d19d4a2e9eb0ce3606eb48,0,97608,41000000000,0xa9059cbb00000000000000000000000028c6c06298d514db089934071355e5743bf21d600000000000000000000000000000000000000000000000000000000b6af1e255,1629254237,,,
0x01a27a4cf541910e70fe70817e07a610e8efdfdb227bc4f8c5ae2817e4be3ab8,0,0x4b7a75ed27b6f574a002f71866e56b0fb4c23cef701d6d46454f7dcb9373cdb9,13046596,52,0xb69876ea329244c7af3eb2ae7516953c5d6da4ba,0x1ce319261565de6d71c29493c1834d8d3c7d1c45,8.59449E+16,42000,41000000000,0x,1629254237,,,
0xeac153d168dda5461343409af607a4641df9f7a90a4b9ed22e0f7583f2d440e4,2070,0x4b7a75ed27b6f574a002f71866e56b0fb4c23cef701d6d46454f7dcb9373cdb9,13046596,53,0x7db80ad7137a45b5f088643dc498b96c3fa071a1,0x0e585619acca647cc9c778f3c1df1982ba92d2cc,7.92E+17,21000,40700000000,0x,1629254237,,,
0x8aa09d3edc017bafd9b09cfc43900302966e81b2fb167477052a0ea6411d90ce,132,0x4b7a75ed27b6f574a002f71866e56b0fb4c23cef701d6d46454f7dcb9373cdb9,13046596,54,0xed1256ee2b8109ce89afc2e795ff323d21dde286,0xdac17f958d2ee523a2206206994597c13d831ec7,0,100000,40200000000,0xa9059cbb0000000000000000000000007dc6302f55bf56c8ad81cb826ce62d450be737ba0000000000000000000000000000000000000000000000000000000002625a00,1629254237,,,
0xc29a51711ada66761e668548d0afe340c4ec01b3954fd8c7b1bc1d9721c30f88,115,0x4b7a75ed27b6f574a002f71866e56b0fb4c23cef701d6d46454f7dcb9373cdb9,13046596,55,0x3aac9ff6e2c33517026ec22730b4d310f08f73d2,0x78c730757cf92658b578de004aeedc9635d5460c,1.49881E+18,31500,40200000000,0x,1629254237,,,
0x62658b67ed2ff641ab0d8eba29e3ad8b638e7e6db9c48c3dad470d59cc98934d,1755002,0x4b7a75ed27b6f574a002f71866e56b0fb4c23cef701d6d46454f7dcb9373cdb9,13046596,56,0xd24400ae8bfebb18ca49be86258a3c749cf46853,0xe0b1b26bfe205f49d6d2e2ce535514e455a11823,8.7E+16,90000,40150064843,0x,1629254237,,,
0x406b31aa814a0b6b2c597d5fc859e15249e2460e0be9390ccd4041a6312383e8,479,0x4b7a75ed27b6f574a002f71866e56b0fb4c23cef701d6d46454f7dcb9373cdb9,13046596,57,0x3010d2b429352db1d178f2335dfebca14541a97e,0x7be8076f4ea4a4ad08075c2508e481d6c946d12b,4E+17,252980,40000000000,0xab834bab0000000000000000000000007be8076f4ea4a4ad08075c2508e481d6c946d12b0000000000000000000000003010d2b429352db1d178f2335dfebca14541a97e0000000000000000000000003765240be64af984bc5bb3b6a2988e431d668f6b000000000000000000000000000000000000000000000000000000000000000000000000000000000000000076be3b62873462d2142405439777e971754e8e77000000000000000000000000000000000000000000000000000000000000000000000000000000000000000000000000000000000000000000000000000000000000000000000000000000007be8076f4ea4a4ad08075c2508e481d6c946d12b0000000000000000000000003765240be64af984bc5bb3b6a2988e431d668f6b00000000000000000000000000000000000000000000000000000000000000000000000000000000000000005b3256965e7c3cf26e11fcaf296dfc8807c0107300000000000000000000000076be3b62873462d2142405439777e971754e8e770000000000000000000000000000000000000000000000000000000000000000000000000000000000000000000000000000000000000000000000000000000000000000000000000000000000000000000000000000000000000000000004e2000000000000000000000000000000000000000000000000000000000000000000000000000000000000000000000000000000000000000000000000000000000000000000000000000000000000000000000000000000000000000000000000000000000000000000000000000000000000000000000000058d15e176280000000000000000000000000000000000000000000000000000000000000000000000000000000000000000000000000000000000000000000000000000611c71e400000000000000000000000000000000000000000000000000000000000000004e38a18878ab2570b25b8e5027bdd3341da3e655164a635b36f2df56ad0f7de400000000000000000000000000000000000000000000000000000000000004e2000000000000000000000000000000000000000000000000000000000000000000000000000000000000000000000000000000000000000000000000000000000000000000000000000000000000000000000000000000000000000000000000000000000000000000000000000000000000000000000000058d15e176280000000000000000000000000000000000000000000000000000000000000000000000000000000000000000000000000000000000000000000000000000611c2bd3000000000000000000000000000000000000000000000000000000000000000089e8de6230d4c163ca2789aec879185f8969344b3e908dc6c2da5cc37acbdfd20000000000000000000000000000000000000000000000000000000000000001000000000000000000000000000000000000000000000000000000000000000000000000000000000000000000000000000000000000000000000000000000000000000000000000000000000000000000000000000000000000000000000000000000000000000000000000000000000000000000000000000000000000000100000000000000000000000000000000000000000000000000000000000000010000000000000000000000000000000000000000000000000000000000000000000000000000000000000000000000000000000000000000000000000000000000000000000000000000000000000000000000000000000000000000000006a000000000000000000000000000000000000000000000000000000000000007a000000000000000000000000000000000000000000000000000000000000008a000000000000000000000000000000000000000000000000000000000000009a00000000000000000000000000000000000000000000000000000000000000aa00000000000000000000000000000000000000000000000000000000000000ac0000000000000000000000000000000000000000000000000000000000000001b000000000000000000000000000000000000000000000000000000000000001b724c722a2e7f3924468468ba533d42bf29ddc55696e93ca6deaa71f2900fd74926608502cc0918d4057b069feb4f3a8e75a41fe280933ef6f31546ba47e79358724c722a2e7f3924468468ba533d42bf29ddc55696e93ca6deaa71f2900fd74926608502cc0918d4057b069feb4f3a8e75a41fe280933ef6f31546ba47e79358000000000000000000000000000000000000000000000000000000000000000000000000000000000000000000000000000000000000000000000000000000c4f242432a00000000000000000000000000000000000000000000000000000000000000000000000000000000000000003010d2b429352db1d178f2335dfebca14541a97e000000000000000000000000000000000000000000000000000000000000277d000000000000000000000000000000000000000000000000000000000000000100000000000000000000000000000000000000000000000000000000000000a000000000000000000000000000000000000000000000000000000000000000000000000000000000000000000000000000000000000000000000000000000000000000000000000000000000000000000000000000000000000000c4f242432a0000000000000000000000003765240be64af984bc5bb3b6a2988e431d668f6b0000000000000000000000000000000000000000000000000000000000000000000000000000000000000000000000000000000000000000000000000000277d000000000000000000000000000000000000000000000000000000000000000100000000000000000000000000000000000000000000000000000000000000a000000000000000000000000000000000000000000000000000000000000000000000000000000000000000000000000000000000000000000000000000000000000000000000000000000000000000000000000000000000000000c400000000ffffffffffffffffffffffffffffffffffffffffffffffffffffffffffffffff000000000000000000000000000000000000000000000000000000000000000000000000000000000000000000000000000000000000000000000000000000000000000000000000000000000000000000000000000000000000000000000000000000000000000000000000000000000000000000000000000000000000000000000000000000000000000000000000000000000000000000000000000000000000000000000000000000000000000000000000000000000000000000000000000000000000000000000000000000000000000000000000000000c4000000000000000000000000000000000000000000000000000000000000000000000000ffffffffffffffffffffffffffffffffffffffffffffffffffffffffffffffff00000000000000000000000000000000000000000000000000000000000000000000000000000000000000000000000000000000000000000000000000000000000000000000000000000000000000000000000000000000000000000000000000000000000000000000000000000000000000000000000000000000000000000000000000000000000000000000000000000000000000000000000000000000000000000000000000000000000000000000000000000000000000000000000000000000000000000000000000000000000000000000000000000000,1629254237,,,
0xd030d8fa8de0006c84ab878217bd129710bcc8af48ebfd3d2333ab8d193aa7b0,7,0x4b7a75ed27b6f574a002f71866e56b0fb4c23cef701d6d46454f7dcb9373cdb9,13046596,58,0x1e07d330a7ec2178c49cb0535d9563ffd3c59ddd,0x6254b927ecc25ddd233aaecd5296d746b1c006b4,9.85004E+16,21000,39216459275,0x,1629254237,,,
0x0b6134b90ad5f55a3451800946f992d1f10ef1434063f6c0b588e544b9a6a1c6,5,0x4b7a75ed27b6f574a002f71866e56b0fb4c23cef701d6d46454f7dcb9373cdb9,13046596,59,0x58ce325b0531071bf2dca46007eeb877307944fe,0x6254b927ecc25ddd233aaecd5296d746b1c006b4,6.22044E+13,21000,39216459275,0x,1629254237,,,
0xfbc2fe7eaf67c8318dbf291405d0df3394cff7776e470903f49b5622e3342581,15,0x4b7a75ed27b6f574a002f71866e56b0fb4c23cef701d6d46454f7dcb9373cdb9,13046596,60,0x224ddaa8594ff671b1d100e3a5b1ae0d3bd62fb2,0x6254b927ecc25ddd233aaecd5296d746b1c006b4,6.17244E+13,21000,39216459275,0x,1629254237,,,
0x5a538c26bc54863e1e1e25d2ed270982d33668f6765296dabf6e5ae0620e3b04,88527,0x4b7a75ed27b6f574a002f71866e56b0fb4c23cef701d6d46454f7dcb9373cdb9,13046596,61,0x4d846da8257bb0ebd164eff513dff0f0c2c3c0ba,0x8237885f36a2080c7ca4c14b972c2b68384815ed,1.88147E+16,50000,39193271587,0x,1629254237,,,
0x68d0c406470b99dfa8f16ee38363625be1a289dc68118ea651f4e6759d23f66f,0,0x4b7a75ed27b6f574a002f71866e56b0fb4c23cef701d6d46454f7dcb9373cdb9,13046596,62,0xff5ba26c87dafb58d79da66b796dca1f6109302b,0x4f172d7e9c6a6c733599f7c2ccef1fc204ae9d8a,3.017E+14,21000,39000000000,0x,1629254237,,,
0xe060fd8da70a3349da1e9fe996261dcac6581ee4a1e9e42997de879de1892666,2,0x4b7a75ed27b6f574a002f71866e56b0fb4c23cef701d6d46454f7dcb9373cdb9,13046596,63,0x604cc6801aff12f5412bff881308bb8965a33aae,0xdac17f958d2ee523a2206206994597c13d831ec7,0,94831,39000000000,0xa9059cbb00000000000000000000000025175545fc7c657178c53be961d986d86b1a061900000000000000000000000000000000000000000000000000000039cb6eb864,1629254237,,,
0x1a49ca8524530ef796efe5feb3099c36737490e3fdd6d2eb5d7713a78353b9d9,79,0x4b7a75ed27b6f574a002f71866e56b0fb4c23cef701d6d46454f7dcb9373cdb9,13046596,64,0xb608777b0130c4526c813ab2fa9714aac1dc7336,0xdac17f958d2ee523a2206206994597c13d831ec7,0,105000,39000000000,0xa9059cbb000000000000000000000000ab5c66752a9e8167967685f1450532fb96d5d24f000000000000000000000000000000000000000000000000000000147d357000,1629254237,,,
0xe348297774e091ac85d77e92aaefcac26c2a05ce9eecf2cb3dd9b758e7747669,42,0x4b7a75ed27b6f574a002f71866e56b0fb4c23cef701d6d46454f7dcb9373cdb9,13046596,65,0xf18ba3a0925bfaa1577950aa5767a98dfffab56f,0x1a2a1c938ce3ec39b6d47113c7955baa9dd454f2,3E+17,215887,38726190099,0xeee3f07a00000000000000000000000060af3875a5ace8a060edf8385da1a84bd395b8a1,1629254237,,,
0x66ea16469cb8c57c0642b2af2e427c5704dd8cb0ad3f724c455e4d04919ed42a,587,0x4b7a75ed27b6f574a002f71866e56b0fb4c23cef701d6d46454f7dcb9373cdb9,13046596,66,0x4318e6fd0b1929b9803fa6f35fa3542bef85c9c5,0x3c2754c0cdc5499df1a50d608d8985070bf87b30,0,98506,38094058460,0x6e286671000000000000000000000000000000000000000000000000000000000000000b0000000000000000000000000000000000000000000000000000000000000001,1629254237,,,
0x03a5ab05f25af42339fb871532d1c0c210e3bd3d70ac6f16e52dbba12aa04b27,0,0x4b7a75ed27b6f574a002f71866e56b0fb4c23cef701d6d46454f7dcb9373cdb9,13046596,67,0x334a45f0413cc67230bf3aad3acf8e6fdb2d3824,0x7a250d5630b4cf539739df2c5dacb4c659f2488d,1.523E+16,224785,38000000000,0x7ff36ab50000000000000000000000000000000000000000000000000000000660b89e3f0000000000000000000000000000000000000000000000000000000000000080000000000000000000000000334a45f0413cc67230bf3aad3acf8e6fdb2d382400000000000000000000000000000000000000000000000000000000611c76d00000000000000000000000000000000000000000000000000000000000000003000000000000000000000000c02aaa39b223fe8d0a0e5c4f27ead9083c756cc2000000000000000000000000dac17f958d2ee523a2206206994597c13d831ec70000000000000000000000002b591e99afe9f32eaa6214f7b7629768c40eeb39,1629254237,,,
0x590f824e51edc29e257ddd5ccc2de39ff558f807bbc064b91d72d9b8cf14c798,2200117,0x4b7a75ed27b6f574a002f71866e56b0fb4c23cef701d6d46454f7dcb9373cdb9,13046596,68,0x3cd751e6b0078be393132286c442345e5dc49699,0xdac17f958d2ee523a2206206994597c13d831ec7,0,250000,37414242197,0xa9059cbb000000000000000000000000c880cceece4d56892a20b424e2ce414e313f4718000000000000000000000000000000000000000000000000000000001dcbde74,1629254237,69000000000,5000000000,2
0xa24d2bee9aaa1f375e5b5a757cc88c5288deba1fbb150f206a669f06d124571b,1433105,0x4b7a75ed27b6f574a002f71866e56b0fb4c23cef701d6d46454f7dcb9373cdb9,13046596,69,0xddfabcdc4d8ffc6d5beaf154f18b778f892a0740,0x268803c7e77ead956a0f679da55b588d05d00cce,4.58136E+16,21000,37414242197,0x,1629254237,69000000000,5000000000,2
0x3b13da42077d4aad1ab52335512112ab6922ed9e1dfdde6bdfa6ea10c2084a96,1570347,0x4b7a75ed27b6f574a002f71866e56b0fb4c23cef701d6d46454f7dcb9373cdb9,13046596,70,0xeb2629a2734e272bcc07bda959863f316f4bd4cf,0xc014800a1e2a116cb665398276a596ae874b0c1a,4.39571E+17,21000,37414242197,0x,1629254237,69000000000,5000000000,2
0xa7134ca6bdc6916e77b8ac8de9549d843a44ff5dda76c3beaf4913018ce13cbe,7,0x4b7a75ed27b6f574a002f71866e56b0fb4c23cef701d6d46454f7dcb9373cdb9,13046596,71,0x6c872403c765bef1cc204ea4c98ec93146c4c9c3,0x881d40237659c251811cec9c364ef91dc08d300c,2E+17,249307,37414242197,0x5f5755290000000000000000000000000000000000000000000000000000000000000080000000000000000000000000000000000000000000000000000000000000000000000000000000000000000000000000000000000000000002c68af0bb14000000000000000000000000000000000000000000000000000000000000000000c0000000000000000000000000000000000000000000000000000000000000000c307846656544796e616d69630000000000000000000000000000000000000000000000000000000000000000000000000000000000000000000000000000024000000000000000000000000000000000000000000000000000000000000000000000000000000000000000003597bfd533a99c9aa083587b074434e61eb0a25800000000000000000000000000000000000000000000000002c053531ab8a000000000000000000000000000000000000000000000000000000008c15fd22e6a00000000000000000000000000000000000000000000000000000000000001200000000000000000000000000000000000000000000000000006379da05b600000000000000000000000000011ededebf63bef0ea2d2d071bdf88f71543ec6fb000000000000000000000000000000000000000000000000000000000000000000000000000000000000000000000000000000000000000000000000000001083598d8ab0000000000000000000000000000000000000000000000000000000000000060000000000000000000000000000000000000000000000000000008c15fd22e6a0000000000000000000000000000000000000000000000000000000000000000000000000000000000000000000000000000000000000000000000000000002bc02aaa39b223fe8d0a0e5c4f27ead9083c756cc20027103597bfd533a99c9aa083587b074434e61eb0a258000000000000000000000000000000000000000000869584cd00000000000000000000000011ededebf63bef0ea2d2d071bdf88f71543ec6fb0000000000000000000000000000000000000000000000a744d5adfc611c724f0000000000000000000000000000000000000000000000005f,1629254237,61080623492,5000000000,2
0x5a9efa2b04ea0f14b689700f4371076938f0ff6409a6272ebeb2806bfd356ea2,2200118,0x4b7a75ed27b6f574a002f71866e56b0fb4c23cef701d6d46454f7dcb9373cdb9,13046596,72,0x3cd751e6b0078be393132286c442345e5dc49699,0x9659571f8931ba9110366203a3d886b538e2195d,3.51888E+17,21000,37414242197,0x,1629254237,69000000000,5000000000,2
0x8fd36415fc3c21bf9430d44e0bed3211b4dd4fc246ee5c33d029aeb23402e833,0,0x4b7a75ed27b6f574a002f71866e56b0fb4c23cef701d6d46454f7dcb9373cdb9,13046596,73,0xabea48fe7228fa21ae3314e0a8094a59dced5e63,0x881d40237659c251811cec9c364ef91dc08d300c,1.3E+17,245089,37414242197,0x5f5755290000000000000000000000000000000000000000000000000000000000000080000000000000000000000000000000000000000000000000000000000000000000000000000000000000000000000000000000000000000001cdda4faccd000000000000000000000000000000000000000000000000000000000000000000c0000000000000000000000000000000000000000000000000000000000000000c307846656544796e616d6963000000000000000000000000000000000000000000000000000000000000000000000000000000000000000000000000000002400000000000000000000000000000000000000000000000000000000000000000000000000000000000000000626e8036deb333b408be468f951bdb42433cbf1800000000000000000000000000000000000000000000000001c9cfc2d15e68000000000000000000000000000000000000000000000000446b3f96b3b2ab0c8d000000000000000000000000000000000000000000000000000000000000012000000000000000000000000000000000000000000000000000040a8cdb6e980000000000000000000000000011ededebf63bef0ea2d2d071bdf88f71543ec6fb000000000000000000000000000000000000000000000000000000000000000000000000000000000000000000000000000000000000000000000000000001083598d8ab00000000000000000000000000000000000000000000000000000000000000600000000000000000000000000000000000000000000000446b3f96b3b2ab0c8d0000000000000000000000000000000000000000000000000000000000000000000000000000000000000000000000000000000000000000000000000000002bc02aaa39b223fe8d0a0e5c4f27ead9083c756cc2002710626e8036deb333b408be468f951bdb42433cbf18000000000000000000000000000000000000000000869584cd00000000000000000000000011ededebf63bef0ea2d2d071bdf88f71543ec6fb0000000000000000000000000000000000000000000000ccaf883934611c721a00000000000000000000000000000000000000000000000003,1629254237,64354677901,5000000000,2
0x9dec88f2c54d249f5ff2ea9dcfaca6ca11a6e634b2bb3aa7cd9be6f07498199c,30,0x4b7a75ed27b6f574a002f71866e56b0fb4c23cef701d6d46454f7dcb9373cdb9,13046596,74,0x21542c337d051b222160666f62bde52de7774cb4,0xdac17f958d2ee523a2206206994597c13d831ec7,0,50733,37000001459,0xa9059cbb000000000000000000000000645632b25df4f01b4383c33e0b101070b3f742230000000000000000000000000000000000000000000000000000001506b776c0,1629254237,,,
0x7735017bff5d9c0f5fbc5043fe0c089f5afdea68be341395f851bbf460f4d064,358,0x4b7a75ed27b6f574a002f71866e56b0fb4c23cef701d6d46454f7dcb9373cdb9,13046596,75,0x6efa7b45769842f83c926f4403d8a8417596e90b,0x7be8076f4ea4a4ad08075c2508e481d6c946d12b,1.1E+17,279239,37000000000,0xab834bab0000000000000000000000007be8076f4ea4a4ad08075c2508e481d6c946d12b0000000000000000000000006efa7b45769842f83c926f4403d8a8417596e90b00000000000000000000000075f5239e80526936257da2eba1df069bfd32f5240000000000000000000000000000000000000000000000000000000000000000000000000000000000000000fb3765e0e7ac73e736566af913fa58c3cfd686b7000000000000000000000000000000000000000000000000000000000000000000000000000000000000000000000000000000000000000000000000000000000000000000000000000000007be8076f4ea4a4ad08075c2508e481d6c946d12b00000000000000000000000075f5239e80526936257da2eba1df069bfd32f52400000000000000000000000000000000000000000000000000000000000000000000000000000000000000005b3256965e7c3cf26e11fcaf296dfc8807c01073000000000000000000000000fb3765e0e7ac73e736566af913fa58c3cfd686b70000000000000000000000000000000000000000000000000000000000000000000000000000000000000000000000000000000000000000000000000000000000000000000000000000000000000000000000000000000000000000000002ee0000000000000000000000000000000000000000000000000000000000000000000000000000000000000000000000000000000000000000000000000000000000000000000000000000000000000000000000000000000000000000000000000000000000000000000000000000000000000000000000000186cc6acd4b0000000000000000000000000000000000000000000000000000000000000000000000000000000000000000000000000000000000000000000000000000611c71da00000000000000000000000000000000000000000000000000000000000000004da0e178d52028a6daf3d1989b352ef11ae5857455aef4e4d253ab874ec6e19f00000000000000000000000000000000000000000000000000000000000002ee0000000000000000000000000000000000000000000000000000000000000000000000000000000000000000000000000000000000000000000000000000000000000000000000000000000000000000000000000000000000000000000000000000000000000000000000000000000000000000000000000186cc6acd4b0000000000000000000000000000000000000000000000000000000000000000000000000000000000000000000000000000000000000000000000000000611c6ca90000000000000000000000000000000000000000000000000000000000000000baeaea242a22a811de6f18861183d578d84d8f50271226552d076db01d22d8aa0000000000000000000000000000000000000000000000000000000000000001000000000000000000000000000000000000000000000000000000000000000000000000000000000000000000000000000000000000000000000000000000000000000000000000000000000000000000000000000000000000000000000000000000000000000000000000000000000000000000000000000000000000000100000000000000000000000000000000000000000000000000000000000000010000000000000000000000000000000000000000000000000000000000000000000000000000000000000000000000000000000000000000000000000000000000000000000000000000000000000000000000000000000000000000000006a0000000000000000000000000000000000000000000000000000000000000074000000000000000000000000000000000000000000000000000000000000007e0000000000000000000000000000000000000000000000000000000000000088000000000000000000000000000000000000000000000000000000000000009200000000000000000000000000000000000000000000000000000000000000940000000000000000000000000000000000000000000000000000000000000001c000000000000000000000000000000000000000000000000000000000000001c36402fa1832e7de9552e9f3cf6678498a3313084d71d1ae81429e401f6ef85f01ebddde7202a52f7d123851160397f01b6ebb7843fb93a2e34a02445e793c07536402fa1832e7de9552e9f3cf6678498a3313084d71d1ae81429e401f6ef85f01ebddde7202a52f7d123851160397f01b6ebb7843fb93a2e34a02445e793c0750000000000000000000000000000000000000000000000000000000000000000000000000000000000000000000000000000000000000000000000000000006423b872dd00000000000000000000000000000000000000000000000000000000000000000000000000000000000000006efa7b45769842f83c926f4403d8a8417596e90b0000000000000000000000000000000000000000000000000000000000001baf00000000000000000000000000000000000000000000000000000000000000000000000000000000000000000000000000000000000000000000006423b872dd00000000000000000000000075f5239e80526936257da2eba1df069bfd32f52400000000000000000000000000000000000000000000000000000000000000000000000000000000000000000000000000000000000000000000000000001baf00000000000000000000000000000000000000000000000000000000000000000000000000000000000000000000000000000000000000000000006400000000ffffffffffffffffffffffffffffffffffffffffffffffffffffffffffffffff00000000000000000000000000000000000000000000000000000000000000000000000000000000000000000000000000000000000000000000000000000000000000000000000000000000000000000000000000000000000000000000000000000000000000000000000000000000000000000000000000000064000000000000000000000000000000000000000000000000000000000000000000000000ffffffffffffffffffffffffffffffffffffffffffffffffffffffffffffffff00000000000000000000000000000000000000000000000000000000000000000000000000000000000000000000000000000000000000000000000000000000000000000000000000000000000000000000000000000000000000000000000000000000000000000000000000000000000000000000000000000000,1629254237,,,
0x24e8407ea89b1a951fdfb857bbb720f570cc1738dee2fd00fc29c9c3c852415e,23,0x4b7a75ed27b6f574a002f71866e56b0fb4c23cef701d6d46454f7dcb9373cdb9,13046596,76,0xc68bd00f2bb5d17ad2f6f79d246bb076fdda01b0,0x7a250d5630b4cf539739df2c5dacb4c659f2488d,0,171350,36414242197,0x18cbafe5000000000000000000000000000000000000000000000086920ee6d98108cddc000000000000000000000000000000000000000000000000013ab8a4b6b82b4700000000000000000000000000000000000000000000000000000000000000a0000000000000000000000000c68bd00f2bb5d17ad2f6f79d246bb076fdda01b000000000000000000000000000000000000000000000000000000000611c79030000000000000000000000000000000000000000000000000000000000000002000000000000000000000000cae72a7a0fd9046cf6b165ca54c9e3a3872109e0000000000000000000000000c02aaa39b223fe8d0a0e5c4f27ead9083c756cc2,1629254237,55935343164,4000000000,2
0x52f16435f47dca3fdddca697b889a918ad563ef1282e4ce48bfbe539e24925c5,122,0x4b7a75ed27b6f574a002f71866e56b0fb4c23cef701d6d46454f7dcb9373cdb9,13046596,77,0x337cc87f6738ecd42cdaffc69a704bf3b21faa16,0x7a250d5630b4cf539739df2c5dacb4c659f2488d,0,214654,36414242197,0x791ac947000000000000000000000000000000000000000004d9a832d3cd92d3c647905c0000000000000000000000000000000000000000000000000159d869e1b7698800000000000000000000000000000000000000000000000000000000000000a0000000000000000000000000337cc87f6738ecd42cdaffc69a704bf3b21faa1600000000000000000000000000000000000000000000000000000000611c72b10000000000000000000000000000000000000000000000000000000000000002000000000000000000000000777e2ae845272a2f540ebf6a3d03734a5a8f618e000000000000000000000000c02aaa39b223fe8d0a0e5c4f27ead9083c756cc2,1629254237,48461942665,4000000000,2
0x351eea58b00c5c15670c89e12a8148de0b525726d9139a3e7aab3de08fefaedb,22,0x4b7a75ed27b6f574a002f71866e56b0fb4c23cef701d6d46454f7dcb9373cdb9,13046596,78,0xa260cf1726a6a5e0b7079f708823fc8e884611cb,0xe592427a0aece92de3edee1f18e0157c05861564,3.86467E+17,188990,36414242197,0x414bf389000000000000000000000000c02aaa39b223fe8d0a0e5c4f27ead9083c756cc2000000000000000000000000ba5bde662c17e2adff1075610382b9b6912963500000000000000000000000000000000000000000000000000000000000000bb8000000000000000000000000a260cf1726a6a5e0b7079f708823fc8e884611cb00000000000000000000000000000000000000000000000000000000611c76e9000000000000000000000000000000000000000000000000055d0161e836958c00000000000000000000000000000000000000000000003d8faf3cc5983a66fa0000000000000000000000000000000000000000000000000000000000000000,1629254237,48461942665,4000000000,2
0xf283f15a94c0d028f536892617c76d232611bc038537530d6f482d9979020744,150,0x4b7a75ed27b6f574a002f71866e56b0fb4c23cef701d6d46454f7dcb9373cdb9,13046596,79,0xfee2fc05362cd579b963a8c55c245975e89f6a3a,0xfbddadd80fe7bda00b901fbaf73803f2238ae655,4.98333E+15,400000,36414242197,0x05eec2890000000000000000000000000000000000000000000000000000000000000001,1629254237,53930260821,4000000000,2
0x97c183974f1c7b0b36b9588670e2d2f7354671a40b68b0a2870d228f81d38b89,7,0x4b7a75ed27b6f574a002f71866e56b0fb4c23cef701d6d46454f7dcb9373cdb9,13046596,80,0xa349056d42912d5a319335192bea83c39e73ac3f,0xdac17f958d2ee523a2206206994597c13d831ec7,0,69145,36414242197,0xa9059cbb000000000000000000000000af41dd39b96b8dcb29061d32e3face7a35fc6587000000000000000000000000000000000000000000000000000000004d7c6d00,1629254237,53703052618,4000000000,2
0xcf1feed9f5250f78fbc27fa3f0bce1685b505d23b4aee2cab07b8845793d761b,105,0x4b7a75ed27b6f574a002f71866e56b0fb4c23cef701d6d46454f7dcb9373cdb9,13046596,81,0xb47a6648eb2fbbfbbe9027faaad514bbb38d0bc7,0x7a250d5630b4cf539739df2c5dacb4c659f2488d,0,129699,36414242197,0x38ed173900000000000000000000000000000000000000000000054b40b1f852bda0000000000000000000000000000000000000000000000000000001861b5a2e90cd9a00000000000000000000000000000000000000000000000000000000000000a0000000000000000000000000b47a6648eb2fbbfbbe9027faaad514bbb38d0bc700000000000000000000000000000000000000000000000000000000611c74a9000000000000000000000000000000000000000000000000000000000000000200000000000000000000000026ce25148832c04f3d7f26f32478a9fe55197166000000000000000000000000c02aaa39b223fe8d0a0e5c4f27ead9083c756cc2,1629254237,48461942665,4000000000,2
0x9ce048f7c087a00ca0f8133153951ebf80c376874b21aa6b84e4965c5bba3dfc,49,0x4b7a75ed27b6f574a002f71866e56b0fb4c23cef701d6d46454f7dcb9373cdb9,13046596,82,0x833d2308021893284afe181987ddfdbb498842b9,0xcda72070e455bb31c7690a170224ce43623d0b6f,0,280858,36414242197,0x7430e0c6000000000000000000000000000000000000000000000000000000000001229c,1629254237,48461942665,4000000000,2
0xab40f24bad02a3b7d54eaf38686cdea96fcacc21394cab92c605edec7be6d21c,436,0x4b7a75ed27b6f574a002f71866e56b0fb4c23cef701d6d46454f7dcb9373cdb9,13046596,83,0xc206343c9e1a63f8eb60bb2643698b4abb36fe18,0x7a250d5630b4cf539739df2c5dacb4c659f2488d,2.65E+17,152457,36414242197,0x7ff36ab500000000000000000000000000000000000000000103b2dcc2b84b05a09975dd0000000000000000000000000000000000000000000000000000000000000080000000000000000000000000c206343c9e1a63f8eb60bb2643698b4abb36fe1800000000000000000000000000000000000000000000000000000000611c76ba0000000000000000000000000000000000000000000000000000000000000002000000000000000000000000c02aaa39b223fe8d0a0e5c4f27ead9083c756cc2000000000000000000000000249e38ea4102d0cf8264d3701f1a0e39c4f2dc3b,1629254237,53703052618,4000000000,2
0xa7c513bb1d2d75de9ad146de21e14be088292ca7683e1eb1ad31bb4657c0333d,0,0x4b7a75ed27b6f574a002f71866e56b0fb4c23cef701d6d46454f7dcb9373cdb9,13046596,84,0xf799ad0cd9b1207d34b30ac6a65e6720f87fa5c5,0x1a2a1c938ce3ec39b6d47113c7955baa9dd454f2,3.77E+17,215887,36414242197,0xeee3f07a000000000000000000000000f4261a6945da9a635de14c5e5da68ca14cf1ae65,1629254237,48461942665,4000000000,2
0x311c96b6fa24f2e540fd13bc903fe5a043449969df7de04f0241785d72f8eab4,7,0x4b7a75ed27b6f574a002f71866e56b0fb4c23cef701d6d46454f7dcb9373cdb9,13046596,85,0xf211e6ab308b80eaa2cfa630b2142c33e257ccc9,0x492d409c12d4e9212ccad3f802b32ba08fde9df3,1E+17,21000,36414242197,0x,1629254237,48461942665,4000000000,2
0xbf2aa81d3e0365f031136fa11e7af7e12c5635d77792fc6bb04537b6c8d1bc8f,302,0x4b7a75ed27b6f574a002f71866e56b0fb4c23cef701d6d46454f7dcb9373cdb9,13046596,86,0x997cec591fcf61e9d52070a6bf8567fd718f13ec,0xc02aaa39b223fe8d0a0e5c4f27ead9083c756cc2,0,36015,36414242197,0x2e1a7d4d00000000000000000000000000000000000000000000000002c68af0bb140000,1629254237,46149337939,4000000000,2
0xd169bee51b3a7b0ac8c41549212eacc74912f21f411d950f5875a7e9a4129a95,367,0x4b7a75ed27b6f574a002f71866e56b0fb4c23cef701d6d46454f7dcb9373cdb9,13046596,87,0x2ac808713c2e246e65f560d7308c4b23e275f5d7,0xe8582bd23fe58e16e5f37ddd7d745629ee6f46cd,0,35387,36414242197,0xa9059cbb000000000000000000000000e8582bd23fe58e16e5f37ddd7d745629ee6f46cd00000000000000000000000000000000000000000000003961155209dff60000,1629254237,53703052618,4000000000,2
0x4c80623ae0d44dfce0e1c3821ea7eedb723652f45d278dc54b549a2e0c2e9efd,321,0x4b7a75ed27b6f574a002f71866e56b0fb4c23cef701d6d46454f7dcb9373cdb9,13046596,88,0xd6124f3b39a4cdb8a2be39a413f85f9dc51e714f,0xa8afb1f1ff01c1645885ce9221c6209f9e280bc5,9.90501E+16,21000,36414242197,0x,1629254237,51798217376,4000000000,2
0xfbaf39bbdfb622767f0d7a5748b32fb7d3734e778155e579e81f674171afae2c,6,0x4b7a75ed27b6f574a002f71866e56b0fb4c23cef701d6d46454f7dcb9373cdb9,13046596,89,0x56b3f6f362c75f2ef438d89571c512c48d782423,0x6b3595068778dd592e39a122f4f5a5cf09c90fe2,0,39460,36414242197,0x095ea7b3000000000000000000000000831dc63790468299c57928809ec4ea34dc8c475f000000000000000000000000000000000000000000000001e5b8fa8fe2ac0000,1629254237,53577524030,4000000000,2
0xd8bd3d0b031dd9bf85e420c9192c13de999ba20e335fcbfc83f9897c53c5df7b,1,0x4b7a75ed27b6f574a002f71866e56b0fb4c23cef701d6d46454f7dcb9373cdb9,13046596,90,0x3e5b16f0d0cc7cd499a6f107057ec453b15712bc,0x839accb5c6d5530d7c8cdebabff51f0bdbf1f987,0,51699,36403464306,0xa9059cbb000000000000000000000000386d8449e360c646d7865d2184b124868e676d170000000000000000000000000000000000000000000000000000000011d260c0,1629254237,,,
0x8e6580d1933cf5404428465f6a3a7ab0e689fc5d99e9b16527b8ffff04b86ab1,34,0x4b7a75ed27b6f574a002f71866e56b0fb4c23cef701d6d46454f7dcb9373cdb9,13046596,91,0xd77252f0fb816249425f35b8c4adfd9a0e3a0d17,0xe592427a0aece92de3edee1f18e0157c05861564,3.86789E+17,188973,36300000000,0x414bf389000000000000000000000000c02aaa39b223fe8d0a0e5c4f27ead9083c756cc2000000000000000000000000ba5bde662c17e2adff1075610382b9b6912963500000000000000000000000000000000000000000000000000000000000000bb8000000000000000000000000d77252f0fb816249425f35b8c4adfd9a0e3a0d1700000000000000000000000000000000000000000000000000000000611c7941000000000000000000000000000000000000000000000000055e26c48bb8540000000000000000000000000000000000000000000000003d9cd0b953272c4b8e0000000000000000000000000000000000000000000000000000000000000000,1629254237,,,
0x96e8f837ab3a1fe08b6d2dba1c0de646bff3298bf49c28c6f820f45ac4978338,502,0x4b7a75ed27b6f574a002f71866e56b0fb4c23cef701d6d46454f7dcb9373cdb9,13046596,92,0xd46c81245a0582891c2249daf2d68925977cf2a7,0xd9e1ce17f2641f24ae83637ab66a2cca9c378b9f,0,261003,36000000000,0x38ed173900000000000000000000000000000000000000000000003396d8b50b245db3e10000000000000000000000000000000000000000000000251b24d988470c944b00000000000000000000000000000000000000000000000000000000000000a0000000000000000000000000d46c81245a0582891c2249daf2d68925977cf2a700000000000000000000000000000000000000000000000000000000611c7941000000000000000000000000000000000000000000000000000000000000000400000000000000000000000073968b9a57c6e53d41345fd57a6e6ae27d6cdb2f000000000000000000000000c02aaa39b223fe8d0a0e5c4f27ead9083c756cc2000000000000000000000000d533a949740bb3306d119cc777fa900ba034cd5200000000000000000000000062b9c7356a2dc64a1969e19c23e4f579f9810aa7,1629254237,,,
0xbdac267c35eced8a4bccf16cccd777b02e2201801a82622242f2599cfefc0c98,4,0x4b7a75ed27b6f574a002f71866e56b0fb4c23cef701d6d46454f7dcb9373cdb9,13046596,93,0x70138f18e655c8692fe1d970a1deb1287ebf1e16,0x90198ef4ff08721beb72b9bfa7f0767a66c704a9,1.91463E+15,21000,36000000000,0x,1629254237,,,
0x01e8004d222fcd54cdbf286126f421a7e400a33239d59f829c77a2355e684b27,6,0x4b7a75ed27b6f574a002f71866e56b0fb4c23cef701d6d46454f7dcb9373cdb9,13046596,94,0x134987bb7a3c0957c33c4b35461e6391cca3dba9,0xbe41c01a9336779277eb48a2992d704adec24071,2.28391E+17,21000,36000000000,0x,1629254237,,,
0x256fa14ee6f9737fae6022ba39ef9f191740533b92aa72a0ff98358000c27cca,66,0x4b7a75ed27b6f574a002f71866e56b0fb4c23cef701d6d46454f7dcb9373cdb9,13046596,95,0xb52ef2b0ff95c8f7968170e1b2506b59abe74501,0x7be8076f4ea4a4ad08075c2508e481d6c946d12b,1.75E+17,252980,36000000000,0xab834bab0000000000000000000000007be8076f4ea4a4ad08075c2508e481d6c946d12b000000000000000000000000b52ef2b0ff95c8f7968170e1b2506b59abe7450100000000000000000000000073579a6506c4617814c71e7ce70c149fff3c8e84000000000000000000000000000000000000000000000000000000000000000000000000000000000000000076be3b62873462d2142405439777e971754e8e77000000000000000000000000000000000000000000000000000000000000000000000000000000000000000000000000000000000000000000000000000000000000000000000000000000007be8076f4ea4a4ad08075c2508e481d6c946d12b00000000000000000000000073579a6506c4617814c71e7ce70c149fff3c8e8400000000000000000000000000000000000000000000000000000000000000000000000000000000000000005b3256965e7c3cf26e11fcaf296dfc8807c0107300000000000000000000000076be3b62873462d2142405439777e971754e8e770000000000000000000000000000000000000000000000000000000000000000000000000000000000000000000000000000000000000000000000000000000000000000000000000000000000000000000000000000000000000000000004e2000000000000000000000000000000000000000000000000000000000000000000000000000000000000000000000000000000000000000000000000000000000000000000000000000000000000000000000000000000000000000000000000000000000000000000000000000000000000000000000000026db992a3b18000000000000000000000000000000000000000000000000000000000000000000000000000000000000000000000000000000000000000000000000000611c71f50000000000000000000000000000000000000000000000000000000000000000369749b47f7421b1bd120a11cefc09797ef43714159fdc9dd0b4f4e850fc520e00000000000000000000000000000000000000000000000000000000000004e2000000000000000000000000000000000000000000000000000000000000000000000000000000000000000000000000000000000000000000000000000000000000000000000000000000000000000000000000000000000000000000000000000000000000000000000000000000000000000000000000026db992a3b18000000000000000000000000000000000000000000000000000000000000000000000000000000000000000000000000000000000000000000000000000611bdd87000000000000000000000000000000000000000000000000000000000000000081dedec20be6eb3bb91394ba5665d67386c867d2e92081c4645ffffbc221fe660000000000000000000000000000000000000000000000000000000000000001000000000000000000000000000000000000000000000000000000000000000000000000000000000000000000000000000000000000000000000000000000000000000000000000000000000000000000000000000000000000000000000000000000000000000000000000000000000000000000000000000000000000000100000000000000000000000000000000000000000000000000000000000000010000000000000000000000000000000000000000000000000000000000000000000000000000000000000000000000000000000000000000000000000000000000000000000000000000000000000000000000000000000000000000000006a000000000000000000000000000000000000000000000000000000000000007a000000000000000000000000000000000000000000000000000000000000008a000000000000000000000000000000000000000000000000000000000000009a00000000000000000000000000000000000000000000000000000000000000aa00000000000000000000000000000000000000000000000000000000000000ac0000000000000000000000000000000000000000000000000000000000000001b000000000000000000000000000000000000000000000000000000000000001b56c2148acc7422b35158f5b0578acb3b015e156c2068973e3547d64fb23b8ccd7b6d51546a674f34c0c1e3b08cef9528b3cd2da641a0bd51783d2bcc6d5b5d5956c2148acc7422b35158f5b0578acb3b015e156c2068973e3547d64fb23b8ccd7b6d51546a674f34c0c1e3b08cef9528b3cd2da641a0bd51783d2bcc6d5b5d59000000000000000000000000000000000000000000000000000000000000000000000000000000000000000000000000000000000000000000000000000000c4f242432a0000000000000000000000000000000000000000000000000000000000000000000000000000000000000000b52ef2b0ff95c8f7968170e1b2506b59abe74501000000000000000000000000000000000000000000000000000000000000000a000000000000000000000000000000000000000000000000000000000000000100000000000000000000000000000000000000000000000000000000000000a000000000000000000000000000000000000000000000000000000000000000000000000000000000000000000000000000000000000000000000000000000000000000000000000000000000000000000000000000000000000000c4f242432a00000000000000000000000073579a6506c4617814c71e7ce70c149fff3c8e840000000000000000000000000000000000000000000000000000000000000000000000000000000000000000000000000000000000000000000000000000000a000000000000000000000000000000000000000000000000000000000000000100000000000000000000000000000000000000000000000000000000000000a000000000000000000000000000000000000000000000000000000000000000000000000000000000000000000000000000000000000000000000000000000000000000000000000000000000000000000000000000000000000000c400000000ffffffffffffffffffffffffffffffffffffffffffffffffffffffffffffffff000000000000000000000000000000000000000000000000000000000000000000000000000000000000000000000000000000000000000000000000000000000000000000000000000000000000000000000000000000000000000000000000000000000000000000000000000000000000000000000000000000000000000000000000000000000000000000000000000000000000000000000000000000000000000000000000000000000000000000000000000000000000000000000000000000000000000000000000000000000000000000000000000000c4000000000000000000000000000000000000000000000000000000000000000000000000ffffffffffffffffffffffffffffffffffffffffffffffffffffffffffffffff00000000000000000000000000000000000000000000000000000000000000000000000000000000000000000000000000000000000000000000000000000000000000000000000000000000000000000000000000000000000000000000000000000000000000000000000000000000000000000000000000000000000000000000000000000000000000000000000000000000000000000000000000000000000000000000000000000000000000000000000000000000000000000000000000000000000000000000000000000000000000000000000000000000,1629254237,,,
0x1ea290db33dab6cbe7132a56e7d63488a4a976f7739a2bea13bb926c8a5317e3,10539499,0x4b7a75ed27b6f574a002f71866e56b0fb4c23cef701d6d46454f7dcb9373cdb9,13046596,96,0xfbb1b73c4f0bda4f67dca266ce6ef42f520fbb98,0x4393e5c373809a8d3c9c84c3db00ff96d5c18c8d,1.66328E+17,150000,35819922070,0x,1629254237,,,
0x742dfd418deb43c1a6587b2405aa37b1c9bdcf00045173fbec14dd97e183f68c,24,0x4b7a75ed27b6f574a002f71866e56b0fb4c23cef701d6d46454f7dcb9373cdb9,13046596,97,0x70058e8acc04a2c8a333811a5cc46053fa92bda1,0x853c2d147a1bd7eda8fe0f58fb3c5294db07220e,0,106817,35771100251,0x630d8c63000000000000000000000000000000000000000000000000000000000000000000000000000000000000000000000000000000000000000000000000000003e8,1629254237,,,
0x911eb116f05159cf808d5e48ec9cf484251a785508bd03d0cd665c7b5547d77f,22,0x4b7a75ed27b6f574a002f71866e56b0fb4c23cef701d6d46454f7dcb9373cdb9,13046596,98,0xf3c6be81afa2f26b5f03adef1424d3f54f6831ca,0x3b3ee1931dc30c1957379fac9aba94d1c48a5405,0,336803,35737206962,0x5174e8530000000000000000000000000000000000000000000000000000000000000020000000000000000000000000000000000000000000000000000000000000003c516d624331774e65636e5255437a696a396f746e3764583363334844795650365a484e35533170337567633273572f6d657461646174612e6a736f6e00000000,1629254237,,,
0x17a66140bcf65a613199c73a5e2d86c0f9ba989bce6423cebf76788f856cc48c,105,0x4b7a75ed27b6f574a002f71866e56b0fb4c23cef701d6d46454f7dcb9373cdb9,13046596,99,0x45fffdbbfb7f441e0056a183be7ff0201c864e85,0xfbddadd80fe7bda00b901fbaf73803f2238ae655,4.98333E+15,66569,35336896623,0x0f6945840000000000000000000000000000000000000000000000000000000000000008,1629254237,,,