,log_index,transaction_hash,transaction_index,block_hash,block_number,address,data,topics
0,0,0xeda49474a047df06f2d75a86fd655d9dc97d7c4058cd80b437350ab30fc5f691,1,0x8b576233448d17ce23b62aae6dcaba45d5dae0f2e743370bcf95fe69b1206103,14210867,0xc36cf0cfcb5d905b8b513860db0cfe63f6cf9f5c,0x000000000000000000000000000000000000000000000000000000000000004000000000000000000000000000000000000000000000000000000000000000800000000000000000000000000000000000000000000000000000000000000001000000000000000000000000000002c10000000000000000000000000000000000000000000000000000000000000000000000000000000000000000000000010000000000000000000000000000000000000000000000000000000000000001,"0x4a39dc06d4c0dbc64b70af90fd698a233a518aa5d07e595d983b8c0526c8f7fb,0x00000000000000000000000037b94141bca7000241b87b4b361f155197181002,0x000000000000000000000000381e840f4ebe33d0153e9a312105554594a98c42,0x000000000000000000000000b68203e1886acedcfc9fb801b5578ad256176436"
1,1,0x3640a5a1ef446befb52e70fb76d5861ebc03ada039859841f7397c1b40161820,2,0x8b576233448d17ce23b62aae6dcaba45d5dae0f2e743370bcf95fe69b1206103,14210867,0xd4fa1460f537bb9085d22c7bccb5dd450ef28e3a,0x0000000000000000000000000000000000000000000000000000000520fd07cf,"0xddf252ad1be2c89b69c2b068fc378daa952ba7f163c4a11628f55a4df523b3ef,0x0000000000000000000000005bdfe5f013b032824e4edb43878f9725945079bc,0x0000000000000000000000006cc5f688a315f3dc28a7781717a9a798a59fda7b"
2,2,0xab857bb6c18334d9f11b92f2e76fd6bcc163c9328da109c67bb8fcd2e5b84e52,5,0x8b576233448d17ce23b62aae6dcaba45d5dae0f2e743370bcf95fe69b1206103,14210867,0xc00e94cb662c3520282e6f5717214004a7f26888,0x000000000000000000000000000000000000000000000000d2d3d5e59089ebff,"0xddf252ad1be2c89b69c2b068fc378daa952ba7f163c4a11628f55a4df523b3ef,0x00000000000000000000000044655863534e423683fcefa9f3cd36771592f62e,0x0000000000000000000000006cc5f688a315f3dc28a7781717a9a798a59fda7b"
3,3,0x4598578b2c95ca81273374591a02f41ac743e7a2d6c9295654dd97d1e1bf3e75,6,0x8b576233448d17ce23b62aae6dcaba45d5dae0f2e743370bcf95fe69b1206103,14210867,0x0f5d2fb29fb7d3cfee444a200298f468908cc942,0x00000000000000000000000000000000000000000000000ddb4871d98a8e9bff,"0xddf252ad1be2c89b69c2b068fc378daa952ba7f163c4a11628f55a4df523b3ef,0x0000000000000000000000001cf04db387dd62c6186a23a1f4ce2da1eda349b2,0x0000000000000000000000006cc5f688a315f3dc28a7781717a9a798a59fda7b"
4,4,0x82849fec3720a081a8d7a805d34a5b4a716282c6ece53d1c985ccd53fbbdf161,8,0x8b576233448d17ce23b62aae6dcaba45d5dae0f2e743370bcf95fe69b1206103,14210867,0xf5c6376d88033cfa67a442893f77cbc27a563dd1,0x,"0x8c5be1e5ebec7d5bd14f71427d1e84f3dd0314c0f7b2291e5b200ac8c7c3b925,0x000000000000000000000000586349bfc1204ccc60a218b84b384a68b5a93156,0x0000000000000000000000000000000000000000000000000000000000000000,0x0000000000000000000000000000000000000000000000000000000000001b27"
5,5,0x82849fec3720a081a8d7a805d34a5b4a716282c6ece53d1c985ccd53fbbdf161,8,0x8b576233448d17ce23b62aae6dcaba45d5dae0f2e743370bcf95fe69b1206103,14210867,0xf5c6376d88033cfa67a442893f77cbc27a563dd1,0x,"0xddf252ad1be2c89b69c2b068fc378daa952ba7f163c4a11628f55a4df523b3ef,0x000000000000000000000000586349bfc1204ccc60a218b84b384a68b5a93156,0x0000000000000000000000002d393765d48312b56ed8467b99a0c8ae63e857e1,0x0000000000000000000000000000000000000000000000000000000000001b27"
6,6,0x82849fec3720a081a8d7a805d34a5b4a716282c6ece53d1c985ccd53fbbdf161,8,0x8b576233448d17ce23b62aae6dcaba45d5dae0f2e743370bcf95fe69b1206103,14210867,0x7be8076f4ea4a4ad08075c2508e481d6c946d12b,0x0000000000000000000000000000000000000000000000000000000000000000439a48a52c5f1164cc50ca68028c254d2a86f52003e518c13ece8e94e25c850700000000000000000000000000000000000000000000000005698eef06670000,"0xc4109843e0b7d514e4c093114b863f8e7d8d9a458c372cd51bfe526b588006c9,0x000000000000000000000000586349bfc1204ccc60a218b84b384a68b5a93156,0x0000000000000000000000002d393765d48312b56ed8467b99a0c8ae63e857e1,0x0000000000000000000000000000000000000000000000000000000000000000"
7,7,0x847d2b15e501de13001753a70b0e6e1c1b9d04ed6092f46ff37c2303bc82544d,9,0x8b576233448d17ce23b62aae6dcaba45d5dae0f2e743370bcf95fe69b1206103,14210867,0xc98d64da73a6616c42117b582e832812e7b8d57f,0x00000000000000000000000000000000000000000000028e47e49bced0e66c00,"0xddf252ad1be2c89b69c2b068fc378daa952ba7f163c4a11628f55a4df523b3ef,0x000000000000000000000000e93381fb4c4f14bda253907b18fad305d799241a,0x0000000000000000000000003040586d3eacbc2804db1e25e661683182c927f7"
8,8,0xb644689d5c8c732d1f911a30f88d1c9013a24342724e46fd97ace430eb377065,14,0x8b576233448d17ce23b62aae6dcaba45d5dae0f2e743370bcf95fe69b1206103,14210867,0x12bb890508c125661e03b09ec06e404bc9289040,0x000000000000000000000000000000000000000000295be96e64066972000000,"0xddf252ad1be2c89b69c2b068fc378daa952ba7f163c4a11628f55a4df523b3ef,0x0000000000000000000000009acbb72cf67103a30333a32cd203459c6a9c3311,0x0000000000000000000000004e2c9a74bfb5790064dc5c8c37882190bacde024"
9,9,0x8fcda733a31e02947e4bb9bcedaa54f74c13fa10f3128937f3d6bf71c9b6c6cc,18,0x8b576233448d17ce23b62aae6dcaba45d5dae0f2e743370bcf95fe69b1206103,14210867,0x15ff09fd0159b25fad9e8bf0d2a5bfef6e46e2bc,0x000000000000000000000000000000000000000000000000000000000000c350,"0xddf252ad1be2c89b69c2b068fc378daa952ba7f163c4a11628f55a4df523b3ef,0x0000000000000000000000003143814745004eb3163fde5ce016de095639f28c,0x000000000000000000000000b89d6f3a10dd7e8ff7762c2475ac596f0b8df578"
10,10,0xaf2f9400bb2d31233f78e8c64cc8a6f0c43ca6f81535f09a622aa2ae30279d6c,21,0x8b576233448d17ce23b62aae6dcaba45d5dae0f2e743370bcf95fe69b1206103,14210867,0x2eb6be120ef111553f768fcd509b6368e82d1661,0x,"0x8c5be1e5ebec7d5bd14f71427d1e84f3dd0314c0f7b2291e5b200ac8c7c3b925,0x0000000000000000000000005de1dda96cb3cd1d62a68d3741ffeb19ca38c361,0x0000000000000000000000000000000000000000000000000000000000000000,0x0000000000000000000000000000000000000000000000000000000000002662"
11,11,0xaf2f9400bb2d31233f78e8c64cc8a6f0c43ca6f81535f09a622aa2ae30279d6c,21,0x8b576233448d17ce23b62aae6dcaba45d5dae0f2e743370bcf95fe69b1206103,14210867,0x2eb6be120ef111553f768fcd509b6368e82d1661,0x,"0xddf252ad1be2c89b69c2b068fc378daa952ba7f163c4a11628f55a4df523b3ef,0x0000000000000000000000005de1dda96cb3cd1d62a68d3741ffeb19ca38c361,0x000000000000000000000000489d20b135c7e7325f22de88feab1b4b0bd61a8f,0x0000000000000000000000000000000000000000000000000000000000002662"
12,12,0xaf2f9400bb2d31233f78e8c64cc8a6f0c43ca6f81535f09a622aa2ae30279d6c,21,0x8b576233448d17ce23b62aae6dcaba45d5dae0f2e743370bcf95fe69b1206103,14210867,0x7be8076f4ea4a4ad08075c2508e481d6c946d12b,0x000000000000000000000000000000000000000000000000000000000000000028d07c0aad4d77fcef56e9de06f769c6284f392bec83e0ec697d9be3416ef29100000000000000000000000000000000000000000000000000354a6ba7a18000,"0xc4109843e0b7d514e4c093114b863f8e7d8d9a458c372cd51bfe526b588006c9,0x0000000000000000000000005de1dda96cb3cd1d62a68d3741ffeb19ca38c361,0x000000000000000000000000489d20b135c7e7325f22de88feab1b4b0bd61a8f,0x0000000000000000000000000000000000000000000000000000000000000000"
13,13,0x16f679ef7f34fefeec35d39fcd703495dee6057573d3cf677ff74b36b654c7ad,22,0x8b576233448d17ce23b62aae6dcaba45d5dae0f2e743370bcf95fe69b1206103,14210867,0x464ebe77c293e473b48cfe96ddcf88fcf7bfdac0,0x000000000000000000000000000000000000000000000009c2007651b2500000,"0xddf252ad1be2c89b69c2b068fc378daa952ba7f163c4a11628f55a4df523b3ef,0x000000000000000000000000e515ae2bb32282f3bdf9ab51de0afbb0b70415d8,0x00000000000000000000000013251883c8e7dd086378d778aab55a1231e3f2fc"
14,14,0x61c71689b7d8c3552a36cec83c0181f8af7bc051c667d7dd6a2475582f01b38c,25,0x8b576233448d17ce23b62aae6dcaba45d5dae0f2e743370bcf95fe69b1206103,14210867,0xa0b86991c6218b36c1d19d4a2e9eb0ce3606eb48,0x000000000000000000000000000000000000000000000000000000001dcd6500,"0xddf252ad1be2c89b69c2b068fc378daa952ba7f163c4a11628f55a4df523b3ef,0x0000000000000000000000002faf487a4414fe77e2327f0bf4ae2a264a776ad2,0x000000000000000000000000fa8bf106a20d76beea81b18e8d08b953045489d8"
15,15,0x7ca15b3cd0f2d0fd34ad1c086a90b537da8e6caafc49de0c78dc739ece82b2cd,26,0x8b576233448d17ce23b62aae6dcaba45d5dae0f2e743370bcf95fe69b1206103,14210867,0xdac17f958d2ee523a2206206994597c13d831ec7,0x000000000000000000000000000000000000000000000000000000285a1816e0,"0xddf252ad1be2c89b69c2b068fc378daa952ba7f163c4a11628f55a4df523b3ef,0x0000000000000000000000002faf487a4414fe77e2327f0bf4ae2a264a776ad2,0x000000000000000000000000813e4b936cb328d75934fac064caef300bcf3fc9"
16,16,0x7e05325a0549f65b331a6c787682b6184f048febc3f4e734243985f9f7c6a20a,28,0x8b576233448d17ce23b62aae6dcaba45d5dae0f2e743370bcf95fe69b1206103,14210867,0xa0b73e1ff0b80914ab6fe0444e65848c4c34450b,0x0000000000000000000000000000000000000000000000000000092cf5613700,"0xddf252ad1be2c89b69c2b068fc378daa952ba7f163c4a11628f55a4df523b3ef,0x0000000000000000000000008025504c05b146ae25a84c82a73f447a88b8ae9a,0x0000000000000000000000002faf487a4414fe77e2327f0bf4ae2a264a776ad2"
17,17,0xb08915ee4ad0b3273bf277e968ba676d9626e8ea9fe83f0756e393553aff40d4,30,0x8b576233448d17ce23b62aae6dcaba45d5dae0f2e743370bcf95fe69b1206103,14210867,0x15d4c048f83bd7e37d49ea4c83a07267ec4203da,0x000000000000000000000000000000000000000000000000000000525d3d0b80,"0xddf252ad1be2c89b69c2b068fc378daa952ba7f163c4a11628f55a4df523b3ef,0x0000000000000000000000005a15b4884fcc07dfa46c3a96a8e386bda0e94943,0x000000000000000000000000880a0b37dd55608983b54448d9f42a1d47ad33a4"
18,18,0x72bfa70739690cdc482b33b73944aead54bda2090759e1595adfd55775b21c92,31,0x8b576233448d17ce23b62aae6dcaba45d5dae0f2e743370bcf95fe69b1206103,14210867,0xdbd324b73f6f85bf9013b75c442021303b635ff9,0x0000000000000000000000005cbad61c1e8a7bebb418bf69c13d0d066428f1b70000000000000000000000000000000000000000000000000000000000000000000000000000000000000000000000000000000000000000000c6f3b40b6c00000000000000000000000000000000000a8851d216c7c3c17dc0fcf6499a65569,0x36c96ccc320eab9b6da1de6cc1e8ebc52a51cb114710b9c7db204cdad3067ce1
19,19,0xdc1c5080a60932ef9d9ba7eaebffa5582179346013c37df631a16faf3c323971,32,0x8b576233448d17ce23b62aae6dcaba45d5dae0f2e743370bcf95fe69b1206103,14210867,0xf5c6376d88033cfa67a442893f77cbc27a563dd1,0x,"0xddf252ad1be2c89b69c2b068fc378daa952ba7f163c4a11628f55a4df523b3ef,0x0000000000000000000000000000000000000000000000000000000000000000,0x0000000000000000000000000976799fa8c478b55f3705f5345953da799abc73,0x0000000000000000000000000000000000000000000000000000000000000ae6"
20,20,0xdc1c5080a60932ef9d9ba7eaebffa5582179346013c37df631a16faf3c323971,32,0x8b576233448d17ce23b62aae6dcaba45d5dae0f2e743370bcf95fe69b1206103,14210867,0xf5c6376d88033cfa67a442893f77cbc27a563dd1,0x,"0xddf252ad1be2c89b69c2b068fc378daa952ba7f163c4a11628f55a4df523b3ef,0x0000000000000000000000000000000000000000000000000000000000000000,0x0000000000000000000000000976799fa8c478b55f3705f5345953da799abc73,0x00000000000000000000000000000000000000000000000000000000000004a7"
21,21,0x775440e225699ef6a910692e23b5424e79684029d37588788909d186efdf0254,33,0x8b576233448d17ce23b62aae6dcaba45d5dae0f2e743370bcf95fe69b1206103,14210867,0xc02aaa39b223fe8d0a0e5c4f27ead9083c756cc2,0x000000000000000000000000000000000000000000000000009ae5f810350000,"0xddf252ad1be2c89b69c2b068fc378daa952ba7f163c4a11628f55a4df523b3ef,0x000000000000000000000000b47ca486f61532cb40630eaee136582154007cf3,0x00000000000000000000000059728544b08ab483533076417fbbb2fd0b17ce3a"
22,22,0x775440e225699ef6a910692e23b5424e79684029d37588788909d186efdf0254,33,0x8b576233448d17ce23b62aae6dcaba45d5dae0f2e743370bcf95fe69b1206103,14210867,0xc02aaa39b223fe8d0a0e5c4f27ead9083c756cc2,0x0000000000000000000000000000000000000000000000000b9b7d5e5a230000,"0xe1fffcc4923d04b559f4d29a8bfc6cda04eb5b0d3c460751c2402c5c5cc9109c,0x00000000000000000000000059728544b08ab483533076417fbbb2fd0b17ce3a"
23,23,0x775440e225699ef6a910692e23b5424e79684029d37588788909d186efdf0254,33,0x8b576233448d17ce23b62aae6dcaba45d5dae0f2e743370bcf95fe69b1206103,14210867,0xc02aaa39b223fe8d0a0e5c4f27ead9083c756cc2,0x000000000000000000000000000000000000000000000000003e871b540c0000,"0xddf252ad1be2c89b69c2b068fc378daa952ba7f163c4a11628f55a4df523b3ef,0x00000000000000000000000059728544b08ab483533076417fbbb2fd0b17ce3a,0x0000000000000000000000005924a28caaf1cc016617874a2f0c3710d881f3c1"
24,24,0x775440e225699ef6a910692e23b5424e79684029d37588788909d186efdf0254,33,0x8b576233448d17ce23b62aae6dcaba45d5dae0f2e743370bcf95fe69b1206103,14210867,0xc02aaa39b223fe8d0a0e5c4f27ead9083c756cc2,0x0000000000000000000000000000000000000000000000000bf7dc3b164c0000,"0xddf252ad1be2c89b69c2b068fc378daa952ba7f163c4a11628f55a4df523b3ef,0x00000000000000000000000059728544b08ab483533076417fbbb2fd0b17ce3a,0x000000000000000000000000e09539e178d0f8419d758c148b61f9b0c08e10ec"
25,25,0x775440e225699ef6a910692e23b5424e79684029d37588788909d186efdf0254,33,0x8b576233448d17ce23b62aae6dcaba45d5dae0f2e743370bcf95fe69b1206103,14210867,0x9eeaecbe2884aa7e82f450e3fc174f30fc2a8de3,0x,"0x8c5be1e5ebec7d5bd14f71427d1e84f3dd0314c0f7b2291e5b200ac8c7c3b925,0x000000000000000000000000e09539e178d0f8419d758c148b61f9b0c08e10ec,0x0000000000000000000000000000000000000000000000000000000000000000,0x00000000000000000000000000000000000000000000000000000000000010fb"
26,26,0x775440e225699ef6a910692e23b5424e79684029d37588788909d186efdf0254,33,0x8b576233448d17ce23b62aae6dcaba45d5dae0f2e743370bcf95fe69b1206103,14210867,0x9eeaecbe2884aa7e82f450e3fc174f30fc2a8de3,0x,"0xddf252ad1be2c89b69c2b068fc378daa952ba7f163c4a11628f55a4df523b3ef,0x000000000000000000000000e09539e178d0f8419d758c148b61f9b0c08e10ec,0x000000000000000000000000b47ca486f61532cb40630eaee136582154007cf3,0x00000000000000000000000000000000000000000000000000000000000010fb"
27,27,0x775440e225699ef6a910692e23b5424e79684029d37588788909d186efdf0254,33,0x8b576233448d17ce23b62aae6dcaba45d5dae0f2e743370bcf95fe69b1206103,14210867,0x59728544b08ab483533076417fbbb2fd0b17ce3a,0x8e6d58ab97d7e4a4519c9981cbbf06f2e27c021eef3d8f2e007e9e427752ddbd0000000000000000000000000000000000000000000000000000000000000007000000000000000000000000c02aaa39b223fe8d0a0e5c4f27ead9083c756cc20000000000000000000000009eeaecbe2884aa7e82f450e3fc174f30fc2a8de300000000000000000000000000000000000000000000000000000000000010fb00000000000000000000000000000000000000000000000000000000000000010000000000000000000000000000000000000000000000000c3663566a580000,"0x95fb6205e23ff6bda16a2d1dba56b9ad7c783f67c96fa149785052f47696f2be,0x000000000000000000000000b47ca486f61532cb40630eaee136582154007cf3,0x000000000000000000000000e09539e178d0f8419d758c148b61f9b0c08e10ec,0x00000000000000000000000056244bb70cbd3ea9dc8007399f61dfc065190031"
28,28,0x1cadffa5bf1abfc6ec930b5cc171022fec1419ee6e4a17f27529fc74b609866e,36,0x8b576233448d17ce23b62aae6dcaba45d5dae0f2e743370bcf95fe69b1206103,14210867,0xa0b86991c6218b36c1d19d4a2e9eb0ce3606eb48,0x0000000000000000000000000000000000000000000000000000000014a72ba0,"0xddf252ad1be2c89b69c2b068fc378daa952ba7f163c4a11628f55a4df523b3ef,0x000000000000000000000000ad179ff8cf6fb24f47ed8b731bf14f83df1efb9c,0x00000000000000000000000084ea3ca62ce144a3557732c81284d59184368e10"
29,29,0x1cadffa5bf1abfc6ec930b5cc171022fec1419ee6e4a17f27529fc74b609866e,36,0x8b576233448d17ce23b62aae6dcaba45d5dae0f2e743370bcf95fe69b1206103,14210867,0xa0b86991c6218b36c1d19d4a2e9eb0ce3606eb48,0x00000000000000000000000000000000000000000000000000000000003567e0,"0xddf252ad1be2c89b69c2b068fc378daa952ba7f163c4a11628f55a4df523b3ef,0x000000000000000000000000ad179ff8cf6fb24f47ed8b731bf14f83df1efb9c,0x00000000000000000000000002d24cab4f2c3bf6e6eb07ea07e45f96baccffe7"
30,30,0x1167b248188431bce746c55ddd78b4ee727e34d7138647a4aa1551fcc768d04d,39,0x8b576233448d17ce23b62aae6dcaba45d5dae0f2e743370bcf95fe69b1206103,14210867,0x7d1afa7b718fb893db30a3abc0cfc608aacfebb0,0x00000000000000000000000000000000000000000000000340aad21b3b700000,"0xddf252ad1be2c89b69c2b068fc378daa952ba7f163c4a11628f55a4df523b3ef,0x0000000000000000000000006dbf6c38a27ea9bc0ebeb57d33a09a438db681f5,0x00000000000000000000000074de5d4fcbf63e00296fd95d33236b9794016631"
31,31,0x1167b248188431bce746c55ddd78b4ee727e34d7138647a4aa1551fcc768d04d,39,0x8b576233448d17ce23b62aae6dcaba45d5dae0f2e743370bcf95fe69b1206103,14210867,0x7d1afa7b718fb893db30a3abc0cfc608aacfebb0,0xffffffffffffffffffffffffffffffffffffffffffffffe71037b52f384fffff,"0x8c5be1e5ebec7d5bd14f71427d1e84f3dd0314c0f7b2291e5b200ac8c7c3b925,0x0000000000000000000000006dbf6c38a27ea9bc0ebeb57d33a09a438db681f5,0x000000000000000000000000881d40237659c251811cec9c364ef91dc08d300c"
32,32,0x1167b248188431bce746c55ddd78b4ee727e34d7138647a4aa1551fcc768d04d,39,0x8b576233448d17ce23b62aae6dcaba45d5dae0f2e743370bcf95fe69b1206103,14210867,0x7d1afa7b718fb893db30a3abc0cfc608aacfebb0,0x00000000000000000000000000000000000000000000000340aad21b3b700000,"0xddf252ad1be2c89b69c2b068fc378daa952ba7f163c4a11628f55a4df523b3ef,0x00000000000000000000000074de5d4fcbf63e00296fd95d33236b9794016631,0x000000000000000000000000819f3450da6f110ba6ea52195b3beafa246062de"
33,33,0x1167b248188431bce746c55ddd78b4ee727e34d7138647a4aa1551fcc768d04d,39,0x8b576233448d17ce23b62aae6dcaba45d5dae0f2e743370bcf95fe69b1206103,14210867,0x7d1afa7b718fb893db30a3abc0cfc608aacfebb0,0xffffffffffffffffffffffffffffffffffffffffffd52137c03bd37e162c11a4,"0x8c5be1e5ebec7d5bd14f71427d1e84f3dd0314c0f7b2291e5b200ac8c7c3b925,0x00000000000000000000000074de5d4fcbf63e00296fd95d33236b9794016631,0x000000000000000000000000def1c0ded9bec7f1a1670819833240f027b25eff"
34,34,0x1167b248188431bce746c55ddd78b4ee727e34d7138647a4aa1551fcc768d04d,39,0x8b576233448d17ce23b62aae6dcaba45d5dae0f2e743370bcf95fe69b1206103,14210867,0xc02aaa39b223fe8d0a0e5c4f27ead9083c756cc2,0x000000000000000000000000000000000000000000000000007b14e9deefa7c3,"0xddf252ad1be2c89b69c2b068fc378daa952ba7f163c4a11628f55a4df523b3ef,0x000000000000000000000000819f3450da6f110ba6ea52195b3beafa246062de,0x000000000000000000000000def1c0ded9bec7f1a1670819833240f027b25eff"
35,35,0x1167b248188431bce746c55ddd78b4ee727e34d7138647a4aa1551fcc768d04d,39,0x8b576233448d17ce23b62aae6dcaba45d5dae0f2e743370bcf95fe69b1206103,14210867,0x819f3450da6f110ba6ea52195b3beafa246062de,0x00000000000000000000000000000000000000000000d5af09c7c515f6a2ec1200000000000000000000000000000000000000000000001fadd7c1c0b6fc74f9,0x1c411e9a96e071241c2f21f7726b17ae89e3cab4c78be50e062b03a9fffbbad1
36,36,0x1167b248188431bce746c55ddd78b4ee727e34d7138647a4aa1551fcc768d04d,39,0x8b576233448d17ce23b62aae6dcaba45d5dae0f2e743370bcf95fe69b1206103,14210867,0x819f3450da6f110ba6ea52195b3beafa246062de,0x00000000000000000000000000000000000000000000000340aad21b3b70000000000000000000000000000000000000000000000000000000000000000000000000000000000000000000000000000000000000000000000000000000000000000000000000000000000000000000000000000000000000007b14e9deefa7c3,"0xd78ad95fa46c994b6551d0da85fc275fe613ce37657fb8d5e3d130840159d822,0x000000000000000000000000def1c0ded9bec7f1a1670819833240f027b25eff,0x000000000000000000000000def1c0ded9bec7f1a1670819833240f027b25eff"
37,37,0x1167b248188431bce746c55ddd78b4ee727e34d7138647a4aa1551fcc768d04d,39,0x8b576233448d17ce23b62aae6dcaba45d5dae0f2e743370bcf95fe69b1206103,14210867,0xc02aaa39b223fe8d0a0e5c4f27ead9083c756cc2,0x000000000000000000000000000000000000000000000000007b14e9deefa7c3,"0x7fcf532c15f0a6db0bd6d0e038bea71d30d808c7d98cb3bf7268a95bf5081b65,0x000000000000000000000000def1c0ded9bec7f1a1670819833240f027b25eff"
38,38,0x1167b248188431bce746c55ddd78b4ee727e34d7138647a4aa1551fcc768d04d,39,0x8b576233448d17ce23b62aae6dcaba45d5dae0f2e743370bcf95fe69b1206103,14210867,0x881d40237659c251811cec9c364ef91dc08d300c,0x,"0xbeee1e6e7fe307ddcf84b0a16137a4430ad5e2480fc4f4a8e250ab56ccd7630d,0xa8dc30b66c6d4a8aac3d15925bfca09e42cac4a00c50f9949154b045088e2ac2,0x0000000000000000000000006dbf6c38a27ea9bc0ebeb57d33a09a438db681f5"
39,39,0x62de049cbc1087076a46bc2d61e970f656b2719066bc48384880385c7ccc24d6,41,0x8b576233448d17ce23b62aae6dcaba45d5dae0f2e743370bcf95fe69b1206103,14210867,0x19de1acaefb1661a30422b78501bc9ebb4a32391,0x,"0xddf252ad1be2c89b69c2b068fc378daa952ba7f163c4a11628f55a4df523b3ef,0x0000000000000000000000000000000000000000000000000000000000000000,0x0000000000000000000000003f2a675fecbe052df8a229a9235280b2e0f10b28,0x0000000000000000000000000000000000000000000000000000000000000a0e"
40,40,0x962e26c8f1dd44b015eff95c1389ff63665cb5fd7c4ffdd785e2644ba7cc1baf,43,0x8b576233448d17ce23b62aae6dcaba45d5dae0f2e743370bcf95fe69b1206103,14210867,0x1f9840a85d5af5bf1d1762f925bdaddc4201f984,0x000000000000000000000000000000000000000000000001e8017bd29d6c1c00,"0xddf252ad1be2c89b69c2b068fc378daa952ba7f163c4a11628f55a4df523b3ef,0x000000000000000000000000b739d0895772dbb71a89a3754a160269068f0d45,0x000000000000000000000000d3717b8227b0170db2c42dc38d5bceb1ac05a470"
41,41,0xb6ee38cc60b5f7e2210028800d52288e3d2463052f7345c0dac71eff31b25066,45,0x8b576233448d17ce23b62aae6dcaba45d5dae0f2e743370bcf95fe69b1206103,14210867,0x9522f38d9ec8f273ed37a4071f41838385f94f1f,0x00000000000000000000000000000000000000000000000000000000000000010000000000000000000000000000000000000000000000000000000000000003,"0xc3d58168c5ae7397731d063d5bbf3d657854427343f4c083240f7aacaa2d0f62,0x000000000000000000000000c2da6f2affd82a4d7b1eed4c9cb8af3841ff6433,0x000000000000000000000000e29c92b9b14621489df948bd136a2515bb7af954,0x00000000000000000000000093a51ca37da14a2706ab4d316a70cdb092242ea5"
42,42,0xb6ee38cc60b5f7e2210028800d52288e3d2463052f7345c0dac71eff31b25066,45,0x8b576233448d17ce23b62aae6dcaba45d5dae0f2e743370bcf95fe69b1206103,14210867,0x7be8076f4ea4a4ad08075c2508e481d6c946d12b,0x0000000000000000000000000000000000000000000000000000000000000000ab6174e8c9f320f742d856632302fa5cfe4b93bf39e6fb13ca8dbda4eb5b6e7200000000000000000000000000000000000000000000000001df9dc8e4ad8000,"0xc4109843e0b7d514e4c093114b863f8e7d8d9a458c372cd51bfe526b588006c9,0x000000000000000000000000e29c92b9b14621489df948bd136a2515bb7af954,0x00000000000000000000000093a51ca37da14a2706ab4d316a70cdb092242ea5,0x0000000000000000000000000000000000000000000000000000000000000000"
43,43,0x4dbea995455d49fd08d8acaecf05af6860dc561b6204dec3b61cc0a2a0d4f8da,48,0x8b576233448d17ce23b62aae6dcaba45d5dae0f2e743370bcf95fe69b1206103,14210867,0xa0b86991c6218b36c1d19d4a2e9eb0ce3606eb48,0x00000000000000000000000000000000000000000000000000000000c5002940,"0x8c5be1e5ebec7d5bd14f71427d1e84f3dd0314c0f7b2291e5b200ac8c7c3b925,0x0000000000000000000000000d18668ffee695d5c72ba57ce1ca9135c17eb0e5,0x00000000000000000000000068b3465833fb72a70ecdf485e0e4c7bd8665fc45"
44,44,0x4dbea995455d49fd08d8acaecf05af6860dc561b6204dec3b61cc0a2a0d4f8da,48,0x8b576233448d17ce23b62aae6dcaba45d5dae0f2e743370bcf95fe69b1206103,14210867,0xa0b86991c6218b36c1d19d4a2e9eb0ce3606eb48,0x00000000000000000000000000000000000000000000000000000000c5002940,"0xddf252ad1be2c89b69c2b068fc378daa952ba7f163c4a11628f55a4df523b3ef,0x0000000000000000000000000d18668ffee695d5c72ba57ce1ca9135c17eb0e5,0x000000000000000000000000b4e16d0168e52d35cacd2c6185b44281ec28c9dc"
45,45,0x4dbea995455d49fd08d8acaecf05af6860dc561b6204dec3b61cc0a2a0d4f8da,48,0x8b576233448d17ce23b62aae6dcaba45d5dae0f2e743370bcf95fe69b1206103,14210867,0xc02aaa39b223fe8d0a0e5c4f27ead9083c756cc2,0x0000000000000000000000000000000000000000000000000eb822a27642d9e0,"0xddf252ad1be2c89b69c2b068fc378daa952ba7f163c4a11628f55a4df523b3ef,0x000000000000000000000000b4e16d0168e52d35cacd2c6185b44281ec28c9dc,0x0000000000000000000000008c56ca4f7eb12a7c217bbe36cc427a9dcb66f590"
46,46,0x4dbea995455d49fd08d8acaecf05af6860dc561b6204dec3b61cc0a2a0d4f8da,48,0x8b576233448d17ce23b62aae6dcaba45d5dae0f2e743370bcf95fe69b1206103,14210867,0xb4e16d0168e52d35cacd2c6185b44281ec28c9dc,0x00000000000000000000000000000000000000000000000000006a16221b11500000000000000000000000000000000000000000000007f33850e025b49e7336,0x1c411e9a96e071241c2f21f7726b17ae89e3cab4c78be50e062b03a9fffbbad1
47,47,0x4dbea995455d49fd08d8acaecf05af6860dc561b6204dec3b61cc0a2a0d4f8da,48,0x8b576233448d17ce23b62aae6dcaba45d5dae0f2e743370bcf95fe69b1206103,14210867,0xb4e16d0168e52d35cacd2c6185b44281ec28c9dc,0x00000000000000000000000000000000000000000000000000000000c5002940000000000000000000000000000000000000000000000000000000000000000000000000000000000000000000000000000000000000000000000000000000000000000000000000000000000000000000000000000000000eb822a27642d9e0,"0xd78ad95fa46c994b6551d0da85fc275fe613ce37657fb8d5e3d130840159d822,0x00000000000000000000000068b3465833fb72a70ecdf485e0e4c7bd8665fc45,0x0000000000000000000000008c56ca4f7eb12a7c217bbe36cc427a9dcb66f590"
48,48,0x4dbea995455d49fd08d8acaecf05af6860dc561b6204dec3b61cc0a2a0d4f8da,48,0x8b576233448d17ce23b62aae6dcaba45d5dae0f2e743370bcf95fe69b1206103,14210867,0xb0c7a3ba49c7a6eaba6cd4a96c55a1391070ac9a,0x000000000000000000000000000000000000000000000028d5e05bbd715925d2,"0xddf252ad1be2c89b69c2b068fc378daa952ba7f163c4a11628f55a4df523b3ef,0x0000000000000000000000008c56ca4f7eb12a7c217bbe36cc427a9dcb66f590,0x0000000000000000000000000d18668ffee695d5c72ba57ce1ca9135c17eb0e5"
49,49,0x4dbea995455d49fd08d8acaecf05af6860dc561b6204dec3b61cc0a2a0d4f8da,48,0x8b576233448d17ce23b62aae6dcaba45d5dae0f2e743370bcf95fe69b1206103,14210867,0x8c56ca4f7eb12a7c217bbe36cc427a9dcb66f590,0x0000000000000000000000000000000000000000000007ce27329d4adbdee8d7000000000000000000000000000000000000000000000002dcccb52ec98af975,0x1c411e9a96e071241c2f21f7726b17ae89e3cab4c78be50e062b03a9fffbbad1
50,50,0x4dbea995455d49fd08d8acaecf05af6860dc561b6204dec3b61cc0a2a0d4f8da,48,0x8b576233448d17ce23b62aae6dcaba45d5dae0f2e743370bcf95fe69b1206103,14210867,0x8c56ca4f7eb12a7c217bbe36cc427a9dcb66f590,0x00000000000000000000000000000000000000000000000000000000000000000000000000000000000000000000000000000000000000000eb822a27642d9e0000000000000000000000000000000000000000000000028d5e05bbd715925d20000000000000000000000000000000000000000000000000000000000000000,"0xd78ad95fa46c994b6551d0da85fc275fe613ce37657fb8d5e3d130840159d822,0x00000000000000000000000068b3465833fb72a70ecdf485e0e4c7bd8665fc45,0x0000000000000000000000000d18668ffee695d5c72ba57ce1ca9135c17eb0e5"
51,51,0x825c5ff082f66eff45e6c5f7ac4b6571c62d0445e2bc94f0334dce7fc61d0304,49,0x8b576233448d17ce23b62aae6dcaba45d5dae0f2e743370bcf95fe69b1206103,14210867,0xc02aaa39b223fe8d0a0e5c4f27ead9083c756cc2,0x0000000000000000000000000000000000000000000000006124fee993bc0000,"0xe1fffcc4923d04b559f4d29a8bfc6cda04eb5b0d3c460751c2402c5c5cc9109c,0x00000000000000000000000068b3465833fb72a70ecdf485e0e4c7bd8665fc45"
52,52,0x825c5ff082f66eff45e6c5f7ac4b6571c62d0445e2bc94f0334dce7fc61d0304,49,0x8b576233448d17ce23b62aae6dcaba45d5dae0f2e743370bcf95fe69b1206103,14210867,0xc02aaa39b223fe8d0a0e5c4f27ead9083c756cc2,0x0000000000000000000000000000000000000000000000006124fee993bc0000,"0xddf252ad1be2c89b69c2b068fc378daa952ba7f163c4a11628f55a4df523b3ef,0x00000000000000000000000068b3465833fb72a70ecdf485e0e4c7bd8665fc45,0x000000000000000000000000dc00ba87cc2d99468f7f34bc04cbf72e111a32f7"
53,53,0x825c5ff082f66eff45e6c5f7ac4b6571c62d0445e2bc94f0334dce7fc61d0304,49,0x8b576233448d17ce23b62aae6dcaba45d5dae0f2e743370bcf95fe69b1206103,14210867,0xf4d2888d29d722226fafa5d9b24f9164c092421e,0x00000000000000000000000000000000000000000000021509dcecc1d716baa6,"0xddf252ad1be2c89b69c2b068fc378daa952ba7f163c4a11628f55a4df523b3ef,0x000000000000000000000000dc00ba87cc2d99468f7f34bc04cbf72e111a32f7,0x000000000000000000000000b52f490c7d185df8bae2fcddf50a182177cbcfd2"
54,54,0x825c5ff082f66eff45e6c5f7ac4b6571c62d0445e2bc94f0334dce7fc61d0304,49,0x8b576233448d17ce23b62aae6dcaba45d5dae0f2e743370bcf95fe69b1206103,14210867,0xdc00ba87cc2d99468f7f34bc04cbf72e111a32f7,0x0000000000000000000000000000000000000000000000ac54576bb2b521348900000000000000000000000000000000000000000003b2571a447070f5e65d47,0x1c411e9a96e071241c2f21f7726b17ae89e3cab4c78be50e062b03a9fffbbad1
55,55,0x825c5ff082f66eff45e6c5f7ac4b6571c62d0445e2bc94f0334dce7fc61d0304,49,0x8b576233448d17ce23b62aae6dcaba45d5dae0f2e743370bcf95fe69b1206103,14210867,0xdc00ba87cc2d99468f7f34bc04cbf72e111a32f7,0x0000000000000000000000000000000000000000000000006124fee993bc00000000000000000000000000000000000000000000000000000000000000000000000000000000000000000000000000000000000000000000000000000000000000000000000000000000000000000000000000000000021509dcecc1d716baa6,"0xd78ad95fa46c994b6551d0da85fc275fe613ce37657fb8d5e3d130840159d822,0x00000000000000000000000068b3465833fb72a70ecdf485e0e4c7bd8665fc45,0x000000000000000000000000b52f490c7d185df8bae2fcddf50a182177cbcfd2"
56,56,0x825c5ff082f66eff45e6c5f7ac4b6571c62d0445e2bc94f0334dce7fc61d0304,49,0x8b576233448d17ce23b62aae6dcaba45d5dae0f2e743370bcf95fe69b1206103,14210867,0xf4d2888d29d722226fafa5d9b24f9164c092421e,0x0000000000000000000000000000000000000000000003dd7ce5f36b3e769247,"0xddf252ad1be2c89b69c2b068fc378daa952ba7f163c4a11628f55a4df523b3ef,0x0000000000000000000000004b5ab61593a2401b1075b90c04cbcdd3f87ce011,0x000000000000000000000000b52f490c7d185df8bae2fcddf50a182177cbcfd2"
57,57,0x825c5ff082f66eff45e6c5f7ac4b6571c62d0445e2bc94f0334dce7fc61d0304,49,0x8b576233448d17ce23b62aae6dcaba45d5dae0f2e743370bcf95fe69b1206103,14210867,0xc02aaa39b223fe8d0a0e5c4f27ead9083c756cc2,0x000000000000000000000000000000000000000000000000b469471f80140000,"0xe1fffcc4923d04b559f4d29a8bfc6cda04eb5b0d3c460751c2402c5c5cc9109c,0x00000000000000000000000068b3465833fb72a70ecdf485e0e4c7bd8665fc45"
58,58,0x825c5ff082f66eff45e6c5f7ac4b6571c62d0445e2bc94f0334dce7fc61d0304,49,0x8b576233448d17ce23b62aae6dcaba45d5dae0f2e743370bcf95fe69b1206103,14210867,0xc02aaa39b223fe8d0a0e5c4f27ead9083c756cc2,0x000000000000000000000000000000000000000000000000b469471f80140000,"0xddf252ad1be2c89b69c2b068fc378daa952ba7f163c4a11628f55a4df523b3ef,0x00000000000000000000000068b3465833fb72a70ecdf485e0e4c7bd8665fc45,0x0000000000000000000000004b5ab61593a2401b1075b90c04cbcdd3f87ce011"
59,59,0x825c5ff082f66eff45e6c5f7ac4b6571c62d0445e2bc94f0334dce7fc61d0304,49,0x8b576233448d17ce23b62aae6dcaba45d5dae0f2e743370bcf95fe69b1206103,14210867,0x4b5ab61593a2401b1075b90c04cbcdd3f87ce011,0x000000000000000000000000000000000000000000000000b469471f80140000fffffffffffffffffffffffffffffffffffffffffffffc22831a0c94c1896db900000000000000000000000000000000000000258029646cf852671e896a9ef60000000000000000000000000000000000000000000048ca0d05cd1cd10dc1410000000000000000000000000000000000000000000000000000000000011b2a,"0xc42079f94a6350d7e6235f29174924f928cc2ac818eb64fed8004e115fbcca67,0x00000000000000000000000068b3465833fb72a70ecdf485e0e4c7bd8665fc45,0x000000000000000000000000b52f490c7d185df8bae2fcddf50a182177cbcfd2"
60,60,0xae92c361e60e7a7f1d863daa3b55a3387c52eea31940fda66da5b452b400387d,50,0x8b576233448d17ce23b62aae6dcaba45d5dae0f2e743370bcf95fe69b1206103,14210867,0x95ad61b0a150d79219dcf64e1e6cc01f0b64c4ce,0x00000000000000000000000000000000000000000005483946a90e3831455400,"0xddf252ad1be2c89b69c2b068fc378daa952ba7f163c4a11628f55a4df523b3ef,0x00000000000000000000000095a9bd206ae52c4ba8eecfc93d18eacdd41c88cc,0x0000000000000000000000009f862b53b106a722e23dfe23adf766e4471a58ba"
61,61,0x89e602ca9c8412679ef422f294a5f1fd92852985899bb2770855360907259a2b,51,0x8b576233448d17ce23b62aae6dcaba45d5dae0f2e743370bcf95fe69b1206103,14210867,0xffa397285ce46fb78c588a9e993286aac68c37cd,0x0000000000000000000000001e0e13ebaabe4d10a1de965aa96b199e874523a90000000000000000000000008d1f2ebfaccf1136db76fdd1b86f1dede2d23852,0xa35ea2cc726861482a50a162c72aad60965cc64641d419cd4d675036238b5204
62,62,0x307f04038a1ab3259ce1b2714e69a873f19d7f59d5c89adf15f60cb3ef8c85d7,52,0x8b576233448d17ce23b62aae6dcaba45d5dae0f2e743370bcf95fe69b1206103,14210867,0xdac17f958d2ee523a2206206994597c13d831ec7,0x0000000000000000000000000000000000000000000000000000000051ba8be0,"0xddf252ad1be2c89b69c2b068fc378daa952ba7f163c4a11628f55a4df523b3ef,0x000000000000000000000000044687d03f11c4f807dd7bef06b127827ff17a3d,0x0000000000000000000000009c7c8783a2e99e47acdceb971cc417966fa4ab1a"
63,63,0x606327350e5be8bb96ee1c1526d0c6975ec3fdee55270d2273c8eb9923cf9915,53,0x8b576233448d17ce23b62aae6dcaba45d5dae0f2e743370bcf95fe69b1206103,14210867,0xdac17f958d2ee523a2206206994597c13d831ec7,0x0000000000000000000000000000000000000000000000000000000080266580,"0xddf252ad1be2c89b69c2b068fc378daa952ba7f163c4a11628f55a4df523b3ef,0x000000000000000000000000f9865b4b17e5b6325279bfb96d06d7018c7fbf27,0x000000000000000000000000ce0c62c223909c7f16540b613fdd8d5b6ac46a22"
64,64,0x744591fd16e929c905e10ce2d3611d253cd6845e0a3fc9d9a07b2d3a0386056b,54,0x8b576233448d17ce23b62aae6dcaba45d5dae0f2e743370bcf95fe69b1206103,14210867,0xdac17f958d2ee523a2206206994597c13d831ec7,0x0000000000000000000000000000000000000000000000000000000207280d80,"0xddf252ad1be2c89b69c2b068fc378daa952ba7f163c4a11628f55a4df523b3ef,0x0000000000000000000000008a3ae794feaf59c105726c90e9623338553b4cac,0x000000000000000000000000730c053f6ab35a38668ffcf8c04d726d51dc813a"
65,65,0xf6c7fed9e13f3660ac7765244e3d6e290eb8fdc22c20934858b530944a8bf493,56,0x8b576233448d17ce23b62aae6dcaba45d5dae0f2e743370bcf95fe69b1206103,14210867,0x5bddbfdc228e1bbdb9ef5ca1dc56b54c4d6d6621,0x0000000000000000000000000000000000000000000e26209cdd290f80b40000,"0xddf252ad1be2c89b69c2b068fc378daa952ba7f163c4a11628f55a4df523b3ef,0x00000000000000000000000001ca094575ab8c1f22ef8f3ec5200088353659ac,0x000000000000000000000000db49864cb0069e9837476fef88ca61f968f9dd57"
66,66,0xf6c7fed9e13f3660ac7765244e3d6e290eb8fdc22c20934858b530944a8bf493,56,0x8b576233448d17ce23b62aae6dcaba45d5dae0f2e743370bcf95fe69b1206103,14210867,0x5bddbfdc228e1bbdb9ef5ca1dc56b54c4d6d6621,0x0000000000000000000000000000000000000000000000000000000000000000,"0x8c5be1e5ebec7d5bd14f71427d1e84f3dd0314c0f7b2291e5b200ac8c7c3b925,0x00000000000000000000000001ca094575ab8c1f22ef8f3ec5200088353659ac,0x000000000000000000000000429ca183c5f4b43f09d70580c5365a6d21cccd47"
67,67,0xf6c7fed9e13f3660ac7765244e3d6e290eb8fdc22c20934858b530944a8bf493,56,0x8b576233448d17ce23b62aae6dcaba45d5dae0f2e743370bcf95fe69b1206103,14210867,0x6107f4901476c3449403a1d908e19148950c2bc5,0x0000000000000000000000000000000000000000000e26209cdd290f80b40000,"0xddf252ad1be2c89b69c2b068fc378daa952ba7f163c4a11628f55a4df523b3ef,0x000000000000000000000000429ca183c5f4b43f09d70580c5365a6d21cccd47,0x00000000000000000000000001ca094575ab8c1f22ef8f3ec5200088353659ac"
68,68,0xf6c7fed9e13f3660ac7765244e3d6e290eb8fdc22c20934858b530944a8bf493,56,0x8b576233448d17ce23b62aae6dcaba45d5dae0f2e743370bcf95fe69b1206103,14210867,0x429ca183c5f4b43f09d70580c5365a6d21cccd47,0x0000000000000000000000005bddbfdc228e1bbdb9ef5ca1dc56b54c4d6d66210000000000000000000000006107f4901476c3449403a1d908e19148950c2bc50000000000000000000000000000000000000000000e26209cdd290f80b400000000000000000000000000000000000000000000000e26209cdd290f80b40000,0x309ba1567d5f694c4ac63616e606d09f26f291ecf278fb744b5b2de106940577
69,69,0xf627c09c88b41b795f852ede58b3088053b3373442225b1166e6acc973fa24b0,58,0x8b576233448d17ce23b62aae6dcaba45d5dae0f2e743370bcf95fe69b1206103,14210867,0x7be8076f4ea4a4ad08075c2508e481d6c946d12b,0x,"0x5152abf959f6564662358c2e52b702259b78bac5ee7842a0f01937e670efcc7d,0x18da76cc2597fc1d5c9ed3020cb4379795e03aab7344dee015d33962f4f2d410"
70,70,0x1c5c4245ed6a0ecdcec2aff321f89cce56c760de776873e49e6b197e85c8a08e,59,0x8b576233448d17ce23b62aae6dcaba45d5dae0f2e743370bcf95fe69b1206103,14210867,0xe39fb076bd6be0bbf400db0dfad28104fdc5ff46,0x,"0xddf252ad1be2c89b69c2b068fc378daa952ba7f163c4a11628f55a4df523b3ef,0x0000000000000000000000000000000000000000000000000000000000000000,0x0000000000000000000000001ae84710fed4c8d0d515a757aa5a3be308221d55,0x000000000000000000000000000000000000000000000000000000000000471d"
71,71,0x1c5c4245ed6a0ecdcec2aff321f89cce56c760de776873e49e6b197e85c8a08e,59,0x8b576233448d17ce23b62aae6dcaba45d5dae0f2e743370bcf95fe69b1206103,14210867,0xe39fb076bd6be0bbf400db0dfad28104fdc5ff46,0x,"0x0f6798a560793a54c3bcfe86a93cde1e73087d944c0ea20544137d4121396885,0x0000000000000000000000001ae84710fed4c8d0d515a757aa5a3be308221d55,0x000000000000000000000000000000000000000000000000000000000000471d"
72,72,0x5130460c492234e8c1d6826d80b80cfcebcca40d7ccde9d044b662a55f3bd9ff,60,0x8b576233448d17ce23b62aae6dcaba45d5dae0f2e743370bcf95fe69b1206103,14210867,0xf5c6376d88033cfa67a442893f77cbc27a563dd1,0x,"0x8c5be1e5ebec7d5bd14f71427d1e84f3dd0314c0f7b2291e5b200ac8c7c3b925,0x000000000000000000000000cbff76e15367db4fa554085816a9ef4c54b44b5e,0x0000000000000000000000000000000000000000000000000000000000000000,0x0000000000000000000000000000000000000000000000000000000000001e3a"
73,73,0x5130460c492234e8c1d6826d80b80cfcebcca40d7ccde9d044b662a55f3bd9ff,60,0x8b576233448d17ce23b62aae6dcaba45d5dae0f2e743370bcf95fe69b1206103,14210867,0xf5c6376d88033cfa67a442893f77cbc27a563dd1,0x,"0xddf252ad1be2c89b69c2b068fc378daa952ba7f163c4a11628f55a4df523b3ef,0x000000000000000000000000cbff76e15367db4fa554085816a9ef4c54b44b5e,0x0000000000000000000000001fc4e252c403e6b2a76447e938b51d81f43ab075,0x0000000000000000000000000000000000000000000000000000000000001e3a"
74,74,0x5130460c492234e8c1d6826d80b80cfcebcca40d7ccde9d044b662a55f3bd9ff,60,0x8b576233448d17ce23b62aae6dcaba45d5dae0f2e743370bcf95fe69b1206103,14210867,0x7be8076f4ea4a4ad08075c2508e481d6c946d12b,0x00000000000000000000000000000000000000000000000000000000000000008a3ee8895625f499ed1d4087ffb27c5ce83f3e98f81ae0ed2876f41ec432f42800000000000000000000000000000000000000000000000005d423c655aa0000,"0xc4109843e0b7d514e4c093114b863f8e7d8d9a458c372cd51bfe526b588006c9,0x000000000000000000000000cbff76e15367db4fa554085816a9ef4c54b44b5e,0x0000000000000000000000001fc4e252c403e6b2a76447e938b51d81f43ab075,0x0000000000000000000000000000000000000000000000000000000000000000"
75,75,0xd8d7ba0d1c26802cc6a17759d8fbbc41b4067fe8ac02a017f5b53229b5d3ef2c,61,0x8b576233448d17ce23b62aae6dcaba45d5dae0f2e743370bcf95fe69b1206103,14210867,0xd634479e404975f54bd466916b22d62acf22be85,0x0000000000000000000000000000000000000000000000000000000000000001,"0x17307eab39ab6107e8899845ad3d59bd9653f200f220920489ca2b5937696c31,0x00000000000000000000000039b7546bfb1b5fb512fdbf849cd793957194b4f8,0x000000000000000000000000357529db3ec48b77c06fff56e9a4670f3bee5e55"
76,76,0x3ae95681c6dbf672227b0f3ac760b6f6ba9711502c881a87e19a3479c80c12c8,62,0x8b576233448d17ce23b62aae6dcaba45d5dae0f2e743370bcf95fe69b1206103,14210867,0xa0b86991c6218b36c1d19d4a2e9eb0ce3606eb48,0x0000000000000000000000000000000000000000000000000000000002faf080,"0xddf252ad1be2c89b69c2b068fc378daa952ba7f163c4a11628f55a4df523b3ef,0x00000000000000000000000042c18c68105257b52bca1e2cc62a3eb546038f4e,0x000000000000000000000000204e2e77e5b4dee689f4cef66df30ee93b1806dd"
77,77,0x014fdc34ab6a9b98aec3fac87c5852d388d469ca3e51089c647aae937a48101c,63,0x8b576233448d17ce23b62aae6dcaba45d5dae0f2e743370bcf95fe69b1206103,14210867,0x0eff88e66eb717f8f7e0701345f1cc119b487f86,0x,"0x8c5be1e5ebec7d5bd14f71427d1e84f3dd0314c0f7b2291e5b200ac8c7c3b925,0x0000000000000000000000001475ccf1e3e46c603c6578933d7be8375cf71868,0x0000000000000000000000000000000000000000000000000000000000000000,0x0000000000000000000000000000000000000000000000000000000000001800"
78,78,0x014fdc34ab6a9b98aec3fac87c5852d388d469ca3e51089c647aae937a48101c,63,0x8b576233448d17ce23b62aae6dcaba45d5dae0f2e743370bcf95fe69b1206103,14210867,0x0eff88e66eb717f8f7e0701345f1cc119b487f86,0x,"0xddf252ad1be2c89b69c2b068fc378daa952ba7f163c4a11628f55a4df523b3ef,0x0000000000000000000000001475ccf1e3e46c603c6578933d7be8375cf71868,0x0000000000000000000000005ad7f12cd40c1db60b87a32daeb73c86078657a0,0x0000000000000000000000000000000000000000000000000000000000001800"
79,79,0x014fdc34ab6a9b98aec3fac87c5852d388d469ca3e51089c647aae937a48101c,63,0x8b576233448d17ce23b62aae6dcaba45d5dae0f2e743370bcf95fe69b1206103,14210867,0x7be8076f4ea4a4ad08075c2508e481d6c946d12b,0x00000000000000000000000000000000000000000000000000000000000000008ecc507560e11dc01893d168c548a593ce532dcf2dffd9b91e611c5cc7866479000000000000000000000000000000000000000000000000015181ff25a98000,"0xc4109843e0b7d514e4c093114b863f8e7d8d9a458c372cd51bfe526b588006c9,0x0000000000000000000000001475ccf1e3e46c603c6578933d7be8375cf71868,0x0000000000000000000000005ad7f12cd40c1db60b87a32daeb73c86078657a0,0x0000000000000000000000000000000000000000000000000000000000000000"
80,80,0xa338e43caeebfd38ce83d32b142186c258365a4c0d55e6478e5afe1c84248f51,65,0x8b576233448d17ce23b62aae6dcaba45d5dae0f2e743370bcf95fe69b1206103,14210867,0x66f873e4776fa0adad5dbd0c6dc11afc40ab4c2c,0xffffffffffffffffffffffffffffffffffffffffffffffffffffffffffffffff,"0x8c5be1e5ebec7d5bd14f71427d1e84f3dd0314c0f7b2291e5b200ac8c7c3b925,0x000000000000000000000000939561cc4a7fa4eb97a845ad54e0d5841a251d64,0x00000000000000000000000068b3465833fb72a70ecdf485e0e4c7bd8665fc45"
81,81,0x95d670d4cd7629ff952451af56dfbc4049d1425986da54427ca019ad0750be43,66,0x8b576233448d17ce23b62aae6dcaba45d5dae0f2e743370bcf95fe69b1206103,14210867,0x011b6e24ffb0b5f5fcc564cf4183c5bbbc96d515,0x0000000000000000000000004dbd4fc535ac27206064b68ffcf827b0a60bab3f0000000000000000000000000000000000000000000000000000000000000009000000000000000000000000bb5bf8bfec3ee63605375bc2a7d583a8a45ad032198c1440444aab8bad39a7a081f0328f41b02a78c8f95cb990b4adddb7dd2e0f,"0x23be8e12e420b5da9fb98d8102572f640fb3c11a0085060472dfc0ed194b3cf7,0x0000000000000000000000000000000000000000000000000000000000051d2f,0x6ffb64aa88e024d12db20f7fe533f0d852e214c112922e923ef2f50cd889742c"
82,82,0x95d670d4cd7629ff952451af56dfbc4049d1425986da54427ca019ad0750be43,66,0x8b576233448d17ce23b62aae6dcaba45d5dae0f2e743370bcf95fe69b1206103,14210867,0x4dbd4fc535ac27206064b68ffcf827b0a60bab3f,0x00000000000000000000000000000000000000000000000000000000000000200000000000000000000000000000000000000000000000000000000000000120000000000000000000000000cc6cf8bfec3ee63605375bc2a7d583a8a45ae1430000000000000000000000000000000000000000000000000000000000000000000000000000000000000000000000000000000000000000002386f26fc1000000000000000000000000000000000000000000000000000000000041546dd0f4000000000000000000000000cc6cf8bfec3ee63605375bc2a7d583a8a45ae143000000000000000000000000cc6cf8bfec3ee63605375bc2a7d583a8a45ae143000000000000000000000000000000000000000000000000000000000000000000000000000000000000000000000000000000000000000000000000000000000000000000000000000000000000000000000000000000000000000000000000,"0xff64905f73a67fb594e0f940a8075a860db489ad991e032f48c81123eb52d60b,0x0000000000000000000000000000000000000000000000000000000000051d2f"
83,83,0x55c9fc73c79bf5d076eb1f42107a5034cb503c659779d600f252dc45e7e30dcd,67,0x8b576233448d17ce23b62aae6dcaba45d5dae0f2e743370bcf95fe69b1206103,14210867,0x375abb85c329753b1ba849a601438ae77eec9893,0x0000000000000000000000000000000000000000000007e9acc78e6bccd3d005,"0xddf252ad1be2c89b69c2b068fc378daa952ba7f163c4a11628f55a4df523b3ef,0x0000000000000000000000004000492bb9fdde20be1a4e4ef8a95282115bd5bd,0x000000000000000000000000ee5647e90cc76bb966d2babb483995f3efd95c39"
84,84,0x55c9fc73c79bf5d076eb1f42107a5034cb503c659779d600f252dc45e7e30dcd,67,0x8b576233448d17ce23b62aae6dcaba45d5dae0f2e743370bcf95fe69b1206103,14210867,0x375abb85c329753b1ba849a601438ae77eec9893,0xffffffffffffffffffffffffffffffffffffffffffff59bd57de63e15dbefb3a,"0x8c5be1e5ebec7d5bd14f71427d1e84f3dd0314c0f7b2291e5b200ac8c7c3b925,0x0000000000000000000000004000492bb9fdde20be1a4e4ef8a95282115bd5bd,0x00000000000000000000000068b3465833fb72a70ecdf485e0e4c7bd8665fc45"
85,85,0x55c9fc73c79bf5d076eb1f42107a5034cb503c659779d600f252dc45e7e30dcd,67,0x8b576233448d17ce23b62aae6dcaba45d5dae0f2e743370bcf95fe69b1206103,14210867,0xc02aaa39b223fe8d0a0e5c4f27ead9083c756cc2,0x0000000000000000000000000000000000000000000000002cce44c55a39f765,"0xddf252ad1be2c89b69c2b068fc378daa952ba7f163c4a11628f55a4df523b3ef,0x000000000000000000000000ee5647e90cc76bb966d2babb483995f3efd95c39,0x000000000000000000000000b4e16d0168e52d35cacd2c6185b44281ec28c9dc"
86,86,0x55c9fc73c79bf5d076eb1f42107a5034cb503c659779d600f252dc45e7e30dcd,67,0x8b576233448d17ce23b62aae6dcaba45d5dae0f2e743370bcf95fe69b1206103,14210867,0xee5647e90cc76bb966d2babb483995f3efd95c39,0x0000000000000000000000000000000000000000000ba11380e446876b618c89000000000000000000000000000000000000000000000041df4ee5fd30e13857,0x1c411e9a96e071241c2f21f7726b17ae89e3cab4c78be50e062b03a9fffbbad1
87,87,0x55c9fc73c79bf5d076eb1f42107a5034cb503c659779d600f252dc45e7e30dcd,67,0x8b576233448d17ce23b62aae6dcaba45d5dae0f2e743370bcf95fe69b1206103,14210867,0xee5647e90cc76bb966d2babb483995f3efd95c39,0x0000000000000000000000000000000000000000000007e9acc78e6bccd3d005000000000000000000000000000000000000000000000000000000000000000000000000000000000000000000000000000000000000000000000000000000000000000000000000000000000000000000000000000000002cce44c55a39f765,"0xd78ad95fa46c994b6551d0da85fc275fe613ce37657fb8d5e3d130840159d822,0x00000000000000000000000068b3465833fb72a70ecdf485e0e4c7bd8665fc45,0x000000000000000000000000b4e16d0168e52d35cacd2c6185b44281ec28c9dc"
88,88,0x55c9fc73c79bf5d076eb1f42107a5034cb503c659779d600f252dc45e7e30dcd,67,0x8b576233448d17ce23b62aae6dcaba45d5dae0f2e743370bcf95fe69b1206103,14210867,0xa0b86991c6218b36c1d19d4a2e9eb0ce3606eb48,0x00000000000000000000000000000000000000000000000000000002540be400,"0xddf252ad1be2c89b69c2b068fc378daa952ba7f163c4a11628f55a4df523b3ef,0x000000000000000000000000b4e16d0168e52d35cacd2c6185b44281ec28c9dc,0x0000000000000000000000004000492bb9fdde20be1a4e4ef8a95282115bd5bd"
89,89,0x55c9fc73c79bf5d076eb1f42107a5034cb503c659779d600f252dc45e7e30dcd,67,0x8b576233448d17ce23b62aae6dcaba45d5dae0f2e743370bcf95fe69b1206103,14210867,0xb4e16d0168e52d35cacd2c6185b44281ec28c9dc,0x00000000000000000000000000000000000000000000000000006a13ce0f2d500000000000000000000000000000000000000000000007f3651f24eb0ed86a9b,0x1c411e9a96e071241c2f21f7726b17ae89e3cab4c78be50e062b03a9fffbbad1
90,90,0x55c9fc73c79bf5d076eb1f42107a5034cb503c659779d600f252dc45e7e30dcd,67,0x8b576233448d17ce23b62aae6dcaba45d5dae0f2e743370bcf95fe69b1206103,14210867,0xb4e16d0168e52d35cacd2c6185b44281ec28c9dc,0x00000000000000000000000000000000000000000000000000000000000000000000000000000000000000000000000000000000000000002cce44c55a39f76500000000000000000000000000000000000000000000000000000002540be4000000000000000000000000000000000000000000000000000000000000000000,"0xd78ad95fa46c994b6551d0da85fc275fe613ce37657fb8d5e3d130840159d822,0x00000000000000000000000068b3465833fb72a70ecdf485e0e4c7bd8665fc45,0x0000000000000000000000004000492bb9fdde20be1a4e4ef8a95282115bd5bd"
91,91,0xbb87a1719efc098f0cc8447a5c54b546b8bebf94534b66747a8393bb061e1c6e,68,0x8b576233448d17ce23b62aae6dcaba45d5dae0f2e743370bcf95fe69b1206103,14210867,0xdac17f958d2ee523a2206206994597c13d831ec7,0x00000000000000000000000000000000000000000000000000000000000f4240,"0xddf252ad1be2c89b69c2b068fc378daa952ba7f163c4a11628f55a4df523b3ef,0x000000000000000000000000647ac91bae125a829b1a17c2771460952262ed36,0x0000000000000000000000000d4a11d5eeaac28ec3f61d100daf4d40471f1852"
92,92,0xbb87a1719efc098f0cc8447a5c54b546b8bebf94534b66747a8393bb061e1c6e,68,0x8b576233448d17ce23b62aae6dcaba45d5dae0f2e743370bcf95fe69b1206103,14210867,0xc02aaa39b223fe8d0a0e5c4f27ead9083c756cc2,0x000000000000000000000000000000000000000000000000000124b1393930aa,"0xe1fffcc4923d04b559f4d29a8bfc6cda04eb5b0d3c460751c2402c5c5cc9109c,0x0000000000000000000000007a250d5630b4cf539739df2c5dacb4c659f2488d"
93,93,0xbb87a1719efc098f0cc8447a5c54b546b8bebf94534b66747a8393bb061e1c6e,68,0x8b576233448d17ce23b62aae6dcaba45d5dae0f2e743370bcf95fe69b1206103,14210867,0xc02aaa39b223fe8d0a0e5c4f27ead9083c756cc2,0x000000000000000000000000000000000000000000000000000124b1393930aa,"0xddf252ad1be2c89b69c2b068fc378daa952ba7f163c4a11628f55a4df523b3ef,0x0000000000000000000000007a250d5630b4cf539739df2c5dacb4c659f2488d,0x0000000000000000000000000d4a11d5eeaac28ec3f61d100daf4d40471f1852"
94,94,0xbb87a1719efc098f0cc8447a5c54b546b8bebf94534b66747a8393bb061e1c6e,68,0x8b576233448d17ce23b62aae6dcaba45d5dae0f2e743370bcf95fe69b1206103,14210867,0x0d4a11d5eeaac28ec3f61d100daf4d40471f1852,0x0000000000000000000000000000000000000000000000000000000224ec8d94,"0xddf252ad1be2c89b69c2b068fc378daa952ba7f163c4a11628f55a4df523b3ef,0x0000000000000000000000000000000000000000000000000000000000000000,0x000000000000000000000000647ac91bae125a829b1a17c2771460952262ed36"
95,95,0xbb87a1719efc098f0cc8447a5c54b546b8bebf94534b66747a8393bb061e1c6e,68,0x8b576233448d17ce23b62aae6dcaba45d5dae0f2e743370bcf95fe69b1206103,14210867,0x0d4a11d5eeaac28ec3f61d100daf4d40471f1852,0x00000000000000000000000000000000000000000000058c5c998fd3404cc9d600000000000000000000000000000000000000000000000000004a0c0b781f1c,0x1c411e9a96e071241c2f21f7726b17ae89e3cab4c78be50e062b03a9fffbbad1
96,96,0xbb87a1719efc098f0cc8447a5c54b546b8bebf94534b66747a8393bb061e1c6e,68,0x8b576233448d17ce23b62aae6dcaba45d5dae0f2e743370bcf95fe69b1206103,14210867,0x0d4a11d5eeaac28ec3f61d100daf4d40471f1852,0x000000000000000000000000000000000000000000000000000124b1393930aa00000000000000000000000000000000000000000000000000000000000f4240,"0x4c209b5fc8ad50758f13e2e1088ba56a560dff690a1c6fef26394f4c03821c4f,0x0000000000000000000000007a250d5630b4cf539739df2c5dacb4c659f2488d"
97,97,0x52b6c4c68c77f46afbf46403c15a741a537abc9f40584d51625a141cfc769372,70,0x8b576233448d17ce23b62aae6dcaba45d5dae0f2e743370bcf95fe69b1206103,14210867,0xcf514faa49cb3133275eb4c9420e4161970ee806,0x,"0x8c5be1e5ebec7d5bd14f71427d1e84f3dd0314c0f7b2291e5b200ac8c7c3b925,0x000000000000000000000000dbfe9d32daaaa5d2d94af2a666c8bdda08ebd640,0x0000000000000000000000000000000000000000000000000000000000000000,0x00000000000000000000000000000000000000000000000000000000000006d1"
98,98,0x52b6c4c68c77f46afbf46403c15a741a537abc9f40584d51625a141cfc769372,70,0x8b576233448d17ce23b62aae6dcaba45d5dae0f2e743370bcf95fe69b1206103,14210867,0xcf514faa49cb3133275eb4c9420e4161970ee806,0x,"0xddf252ad1be2c89b69c2b068fc378daa952ba7f163c4a11628f55a4df523b3ef,0x000000000000000000000000dbfe9d32daaaa5d2d94af2a666c8bdda08ebd640,0x000000000000000000000000e2993904204ab04e9579a5bf0a847fc6dca1a830,0x00000000000000000000000000000000000000000000000000000000000006d1"
99,99,0x52b6c4c68c77f46afbf46403c15a741a537abc9f40584d51625a141cfc769372,70,0x8b576233448d17ce23b62aae6dcaba45d5dae0f2e743370bcf95fe69b1206103,14210867,0xc02aaa39b223fe8d0a0e5c4f27ead9083c756cc2,0x0000000000000000000000000000000000000000000000000007e4e5b0b0e000,"0xddf252ad1be2c89b69c2b068fc378daa952ba7f163c4a11628f55a4df523b3ef,0x000000000000000000000000e2993904204ab04e9579a5bf0a847fc6dca1a830,0x0000000000000000000000005924a28caaf1cc016617874a2f0c3710d881f3c1"
100,100,0x52b6c4c68c77f46afbf46403c15a741a537abc9f40584d51625a141cfc769372,70,0x8b576233448d17ce23b62aae6dcaba45d5dae0f2e743370bcf95fe69b1206103,14210867,0xc02aaa39b223fe8d0a0e5c4f27ead9083c756cc2,0x0000000000000000000000000000000000000000000000000017aeb11212a000,"0xddf252ad1be2c89b69c2b068fc378daa952ba7f163c4a11628f55a4df523b3ef,0x000000000000000000000000e2993904204ab04e9579a5bf0a847fc6dca1a830,0x0000000000000000000000005e3beeaf4995b13c64fbf565a64b19a74a726a5a"
101,101,0x52b6c4c68c77f46afbf46403c15a741a537abc9f40584d51625a141cfc769372,70,0x8b576233448d17ce23b62aae6dcaba45d5dae0f2e743370bcf95fe69b1206103,14210867,0x59728544b08ab483533076417fbbb2fd0b17ce3a,0x000000000000000000000000c02aaa39b223fe8d0a0e5c4f27ead9083c756cc20000000000000000000000000000000000000000000000000017aeb11212a000,"0x27c4f0403323142b599832f26acd21c74a9e5b809f2215726e244a4ac588cd7d,0x000000000000000000000000cf514faa49cb3133275eb4c9420e4161970ee806,0x00000000000000000000000000000000000000000000000000000000000006d1,0x0000000000000000000000005e3beeaf4995b13c64fbf565a64b19a74a726a5a"
102,102,0x52b6c4c68c77f46afbf46403c15a741a537abc9f40584d51625a141cfc769372,70,0x8b576233448d17ce23b62aae6dcaba45d5dae0f2e743370bcf95fe69b1206103,14210867,0xc02aaa39b223fe8d0a0e5c4f27ead9083c756cc2,0x000000000000000000000000000000000000000000000000016b2145bfc84000,"0xddf252ad1be2c89b69c2b068fc378daa952ba7f163c4a11628f55a4df523b3ef,0x000000000000000000000000e2993904204ab04e9579a5bf0a847fc6dca1a830,0x000000000000000000000000dbfe9d32daaaa5d2d94af2a666c8bdda08ebd640"
103,103,0x52b6c4c68c77f46afbf46403c15a741a537abc9f40584d51625a141cfc769372,70,0x8b576233448d17ce23b62aae6dcaba45d5dae0f2e743370bcf95fe69b1206103,14210867,0x59728544b08ab483533076417fbbb2fd0b17ce3a,0x4f970817c1d1d4bdbd2261a36759846246a2ea26b5021ef2357314403958c1df0000000000000000000000000000000000000000000000000000000000000012000000000000000000000000c02aaa39b223fe8d0a0e5c4f27ead9083c756cc2000000000000000000000000cf514faa49cb3133275eb4c9420e4161970ee80600000000000000000000000000000000000000000000000000000000000006d10000000000000000000000000000000000000000000000000000000000000001000000000000000000000000000000000000000000000000018ab4dc828bc000,"0x68cd251d4d267c6e2034ff0088b990352b97b2002c0476587d0c4da889c11330,0x000000000000000000000000dbfe9d32daaaa5d2d94af2a666c8bdda08ebd640,0x000000000000000000000000e2993904204ab04e9579a5bf0a847fc6dca1a830,0x00000000000000000000000086f909f70813cdb1bc733f4d97dc6b03b8e7e8f3"
104,104,0x66372297cf84becc421f85c3b7b95a99338ac7b53bf367f9a6faa1eb67ae7bac,71,0x8b576233448d17ce23b62aae6dcaba45d5dae0f2e743370bcf95fe69b1206103,14210867,0x7ac7f1412bf62d28465e41d9559f2df6cacc6046,0x,"0xbc7cd75a20ee27fd9adebab32041f755214dbc6bffa90cc0225b39da2e5c2d3b,0x000000000000000000000000f9e266af4bca5890e2781812cc6a6e89495a79f2"
105,0,0xe1e673855d59736a426d29ccabbc52baabb29180232bb88ad227a4882fe6853e,0,0xee5882bac00b18f7adfde5c376ecffc134fe4a6be9749c64023346b385f33b9f,14210967,0x4fabb145d64652a948d72533023f6e7a623c7c53,0x00000000000000000000000000000000000000000001bd75289b79df87540000,"0xddf252ad1be2c89b69c2b068fc378daa952ba7f163c4a11628f55a4df523b3ef,0x00000000000000000000000021a31ee1afc51d94c2efccaa2092ad1028285549,0x0000000000000000000000006da4980ab9a35ff025774203e721a4f63f78f953"
106,1,0x279d4bbdebd870961736a4e779cb5144ec94e9a07c3710761d59a68d04b137c4,1,0xee5882bac00b18f7adfde5c376ecffc134fe4a6be9749c64023346b385f33b9f,14210967,0x0f5d2fb29fb7d3cfee444a200298f468908cc942,0x000000000000000000000000000000000000000000000035ab028ac154b80000,"0xddf252ad1be2c89b69c2b068fc378daa952ba7f163c4a11628f55a4df523b3ef,0x00000000000000000000000028c6c06298d514db089934071355e5743bf21d60,0x000000000000000000000000a4a0f37031be58a66a8c17185b9a3f1c0634e192"
107,0,0x3c9d6fe1cf425467863416b7d3cde02414fbe48e9670dd2b2b5a0bff633f7f15,2,0xd5249106cb538ea5c72618fce498045efef3ab57dd0550435338bab8275e91db,14210767,0xdac17f958d2ee523a2206206994597c13d831ec7,0x000000000000000000000000000000000000000000000000000000006ed99f18,"0xddf252ad1be2c89b69c2b068fc378daa952ba7f163c4a11628f55a4df523b3ef,0x00000000000000000000000021a31ee1afc51d94c2efccaa2092ad1028285549,0x000000000000000000000000a24e423c1039d394f9f9db2d067fae4d3c56a6c0"
108,105,0x5ebde33dae9d13f6659433f8c9fb1410a89b34a0b134ed0ef10fbec60ec288fa,73,0x8b576233448d17ce23b62aae6dcaba45d5dae0f2e743370bcf95fe69b1206103,14210867,0xeaa2c985abf14ac850f6614faebd6e4436bea65f,0xffffffffffffffffffffffffffffffffffffffffffffffffffffffffffffffff,"0x8c5be1e5ebec7d5bd14f71427d1e84f3dd0314c0f7b2291e5b200ac8c7c3b925,0x0000000000000000000000001520306e0c8adaac347d8bf55c9ec7558cdfd6de,0x00000000000000000000000068b3465833fb72a70ecdf485e0e4c7bd8665fc45"
109,106,0xe1edc16c61098a3b583a0ee070e2373f89d69e2af8718931966afcfd1644c2a2,74,0x8b576233448d17ce23b62aae6dcaba45d5dae0f2e743370bcf95fe69b1206103,14210867,0xc02aaa39b223fe8d0a0e5c4f27ead9083c756cc2,0x0000000000000000000000000000000000000000000000000207cc3fe371051f,"0xe1fffcc4923d04b559f4d29a8bfc6cda04eb5b0d3c460751c2402c5c5cc9109c,0x00000000000000000000000068b3465833fb72a70ecdf485e0e4c7bd8665fc45"
110,107,0xe1edc16c61098a3b583a0ee070e2373f89d69e2af8718931966afcfd1644c2a2,74,0x8b576233448d17ce23b62aae6dcaba45d5dae0f2e743370bcf95fe69b1206103,14210867,0xc02aaa39b223fe8d0a0e5c4f27ead9083c756cc2,0x0000000000000000000000000000000000000000000000000207cc3fe371051f,"0xddf252ad1be2c89b69c2b068fc378daa952ba7f163c4a11628f55a4df523b3ef,0x00000000000000000000000068b3465833fb72a70ecdf485e0e4c7bd8665fc45,0x0000000000000000000000000cecc726d097c756c62272f1180ebfff29cb57f9"
111,108,0xe1edc16c61098a3b583a0ee070e2373f89d69e2af8718931966afcfd1644c2a2,74,0x8b576233448d17ce23b62aae6dcaba45d5dae0f2e743370bcf95fe69b1206103,14210867,0x2c33b28527a63cdf13c0b24ce4cf5bf9c9fb3bc6,0x000000000000000000000000000000000000000000000000019945ca26200000,"0xddf252ad1be2c89b69c2b068fc378daa952ba7f163c4a11628f55a4df523b3ef,0x0000000000000000000000000cecc726d097c756c62272f1180ebfff29cb57f9,0x000000000000000000000000aa4199b30fc32e10f4eeec351ae44b6378b72d5b"
112,109,0xe1edc16c61098a3b583a0ee070e2373f89d69e2af8718931966afcfd1644c2a2,74,0x8b576233448d17ce23b62aae6dcaba45d5dae0f2e743370bcf95fe69b1206103,14210867,0x0cecc726d097c756c62272f1180ebfff29cb57f9,0x000000000000000000000000000000000000000000000003b63345aa40b790470000000000000000000000000000000000000000000000043ce56d77f52dd333,0x1c411e9a96e071241c2f21f7726b17ae89e3cab4c78be50e062b03a9fffbbad1
113,110,0xe1edc16c61098a3b583a0ee070e2373f89d69e2af8718931966afcfd1644c2a2,74,0x8b576233448d17ce23b62aae6dcaba45d5dae0f2e743370bcf95fe69b1206103,14210867,0x0cecc726d097c756c62272f1180ebfff29cb57f9,0x00000000000000000000000000000000000000000000000000000000000000000000000000000000000000000000000000000000000000000207cc3fe371051f00000000000000000000000000000000000000000000000001c6bf52634000000000000000000000000000000000000000000000000000000000000000000000,"0xd78ad95fa46c994b6551d0da85fc275fe613ce37657fb8d5e3d130840159d822,0x00000000000000000000000068b3465833fb72a70ecdf485e0e4c7bd8665fc45,0x000000000000000000000000aa4199b30fc32e10f4eeec351ae44b6378b72d5b"
114,2,0xd7d5470cfb6858d234b28956b1a5fbb99a516318249769eaec620dbb5a9d5bd2,3,0xee5882bac00b18f7adfde5c376ecffc134fe4a6be9749c64023346b385f33b9f,14210967,0x95ad61b0a150d79219dcf64e1e6cc01f0b64c4ce,0x0000000000000000000000000000000000000000000a821e9a714ad75f6d0000,"0xddf252ad1be2c89b69c2b068fc378daa952ba7f163c4a11628f55a4df523b3ef,0x000000000000000000000000dfd5293d8e347dfe59e90efd55b2956a1343963d,0x0000000000000000000000003b634d6988cc2ed4d6bc8e8b6c2d5e7b269ea782"
115,1,0x3bfbf13f76a75dc503320f5c693b62eaff87748151f9148925fcc300b6139c8d,4,0xd5249106cb538ea5c72618fce498045efef3ab57dd0550435338bab8275e91db,14210767,0x7d1afa7b718fb893db30a3abc0cfc608aacfebb0,0x00000000000000000000000000000000000000000000000201928f0e6266b800,"0xddf252ad1be2c89b69c2b068fc378daa952ba7f163c4a11628f55a4df523b3ef,0x00000000000000000000000028c6c06298d514db089934071355e5743bf21d60,0x00000000000000000000000097020ec0d0b454df555acceb6eda72d717f080d5"
116,111,0x670bc6ff0e8d092d11d50207dfb9b40eb7b37fc9afeaff2f88a95eb054a30e26,75,0x8b576233448d17ce23b62aae6dcaba45d5dae0f2e743370bcf95fe69b1206103,14210867,0x2eb6be120ef111553f768fcd509b6368e82d1661,0x0000000000000000000000000000000000000000000000000000000000000001,"0x17307eab39ab6107e8899845ad3d59bd9653f200f220920489ca2b5937696c31,0x00000000000000000000000006c1ac75e859dec545455d989bd4414e87999e3c,0x0000000000000000000000004c24a3c83155fd31b683d6b6f118a0f06fdcfd06"
117,3,0x48a8db7a51a3a0741b2bd45d1d8f2f17ac9a08c2caa372c92ada5a85efc651ca,4,0xee5882bac00b18f7adfde5c376ecffc134fe4a6be9749c64023346b385f33b9f,14210967,0xa0b86991c6218b36c1d19d4a2e9eb0ce3606eb48,0x0000000000000000000000000000000000000000000000000000000cae5df240,"0xddf252ad1be2c89b69c2b068fc378daa952ba7f163c4a11628f55a4df523b3ef,0x00000000000000000000000021a31ee1afc51d94c2efccaa2092ad1028285549,0x000000000000000000000000dee12d4435969a9772f1ac551f09600684d0bc4a"
118,2,0x344535e528e3ef1f4844781d951656d813224f60b316a295d0fbc61f0b5db86e,5,0xd5249106cb538ea5c72618fce498045efef3ab57dd0550435338bab8275e91db,14210767,0xdac17f958d2ee523a2206206994597c13d831ec7,0x000000000000000000000000000000000000000000000000000000086ab53980,"0xddf252ad1be2c89b69c2b068fc378daa952ba7f163c4a11628f55a4df523b3ef,0x0000000000000000000000009696f59e4d72e237be84ffd425dcad154bf96976,0x000000000000000000000000f205584bae37b09854c9cca01dba11fd7e0bceac"
119,112,0x37a68a00d4aa7b4231a43cdb9bb95c7a7347fe15c2b886a9ba3c6695e5b35871,76,0x8b576233448d17ce23b62aae6dcaba45d5dae0f2e743370bcf95fe69b1206103,14210867,0x7be8076f4ea4a4ad08075c2508e481d6c946d12b,0x,"0x5152abf959f6564662358c2e52b702259b78bac5ee7842a0f01937e670efcc7d,0x8aafd9c79f82d6a88dcaae0e0d23074ffbfbb7398b8fb2b232a35a7fc3d3036e"
120,3,0x2de34396ac41d9c3805920cfb39f9c2e5e56eec508fdfd3d639d4a0f1d7d2757,6,0xd5249106cb538ea5c72618fce498045efef3ab57dd0550435338bab8275e91db,14210767,0xdac17f958d2ee523a2206206994597c13d831ec7,0x000000000000000000000000000000000000000000000000000000011d53e3ec,"0xddf252ad1be2c89b69c2b068fc378daa952ba7f163c4a11628f55a4df523b3ef,0x000000000000000000000000dfd5293d8e347dfe59e90efd55b2956a1343963d,0x0000000000000000000000000185cf67abd9a4aaa6e7bb0e1a53c53f1f7daa04"
121,113,0x9c5becb72464097d0cfcedc25d01220f7c322a66528ff40946161a0972965f45,77,0x8b576233448d17ce23b62aae6dcaba45d5dae0f2e743370bcf95fe69b1206103,14210867,0x49cf6f5d44e70224e2e23fdcdd2c053f30ada28b,0x0000000000000000000000000000000000000000000000000000000000000000,"0x17307eab39ab6107e8899845ad3d59bd9653f200f220920489ca2b5937696c31,0x000000000000000000000000ffc800c88c92ea50a5d3b8ea78fc91414815f76e,0x000000000000000000000000efc70a1b18c432bdc64b596838b4d138f6bc6cad"
122,4,0x306663ab1b0644e5eb7da43b11f0d0db45383f314736f24d5831f64851fecfe5,6,0xee5882bac00b18f7adfde5c376ecffc134fe4a6be9749c64023346b385f33b9f,14210967,0xbc396689893d065f41bc2c6ecbee5e0085233447,0x000000000000000000000000000000000000000000000064ed1c37f907400000,"0xddf252ad1be2c89b69c2b068fc378daa952ba7f163c4a11628f55a4df523b3ef,0x00000000000000000000000021a31ee1afc51d94c2efccaa2092ad1028285549,0x000000000000000000000000fa103c21ea2df71dfb92b0652f8b1d795e51cdef"
123,114,0x110fe4673ed15576fdc5f708a2ed8a96d04963d6393ac4219638da7c780c520a,78,0x8b576233448d17ce23b62aae6dcaba45d5dae0f2e743370bcf95fe69b1206103,14210867,0xb7f30f1fdbbcd33b14e0efd9e0a4fd9ddc73bf60,0x0000000000000000000000000000000000000000000000000000000000000001,"0x17307eab39ab6107e8899845ad3d59bd9653f200f220920489ca2b5937696c31,0x0000000000000000000000003d01e35a3a2bad453f87204c06e541e858827ccb,0x000000000000000000000000777ef498e434d0bbdbe76bea79bef54cb47e585d"
124,0,0xa6f499045e337860215692ba666eefbf0b568b518aa4a32eed42e8e24d1b6e67,0,0x215de400f22ed70f4618959cd99d0082a925fc3ae463c9f5d6fcfa97ca9d83e0,14210567,0xc02aaa39b223fe8d0a0e5c4f27ead9083c756cc2,0x0000000000000000000000000000000000000000000000003a9e2da77c75ed9b,"0xe1fffcc4923d04b559f4d29a8bfc6cda04eb5b0d3c460751c2402c5c5cc9109c,0x0000000000000000000000007a250d5630b4cf539739df2c5dacb4c659f2488d"
125,1,0xa6f499045e337860215692ba666eefbf0b568b518aa4a32eed42e8e24d1b6e67,0,0x215de400f22ed70f4618959cd99d0082a925fc3ae463c9f5d6fcfa97ca9d83e0,14210567,0xc02aaa39b223fe8d0a0e5c4f27ead9083c756cc2,0x0000000000000000000000000000000000000000000000003a9e2da77c75ed9b,"0xddf252ad1be2c89b69c2b068fc378daa952ba7f163c4a11628f55a4df523b3ef,0x0000000000000000000000007a250d5630b4cf539739df2c5dacb4c659f2488d,0x00000000000000000000000055d5c232d921b9eaa6b37b5845e439acd04b4dba"
126,2,0xa6f499045e337860215692ba666eefbf0b568b518aa4a32eed42e8e24d1b6e67,0,0x215de400f22ed70f4618959cd99d0082a925fc3ae463c9f5d6fcfa97ca9d83e0,14210567,0x2b591e99afe9f32eaa6214f7b7629768c40eeb39,0x000000000000000000000000000000000000000000000000000005f656f6e37a,"0xddf252ad1be2c89b69c2b068fc378daa952ba7f163c4a11628f55a4df523b3ef,0x00000000000000000000000055d5c232d921b9eaa6b37b5845e439acd04b4dba,0x00000000000000000000000048c04ed5691981c42154c6167398f95e8f38a7ff"
127,3,0xa6f499045e337860215692ba666eefbf0b568b518aa4a32eed42e8e24d1b6e67,0,0x215de400f22ed70f4618959cd99d0082a925fc3ae463c9f5d6fcfa97ca9d83e0,14210567,0x55d5c232d921b9eaa6b37b5845e439acd04b4dba,0x00000000000000000000000000000000000000000000000000042eae63901b01000000000000000000000000000000000000000000000029396b6e44eb1f7f07,0x1c411e9a96e071241c2f21f7726b17ae89e3cab4c78be50e062b03a9fffbbad1
128,4,0xa6f499045e337860215692ba666eefbf0b568b518aa4a32eed42e8e24d1b6e67,0,0x215de400f22ed70f4618959cd99d0082a925fc3ae463c9f5d6fcfa97ca9d83e0,14210567,0x55d5c232d921b9eaa6b37b5845e439acd04b4dba,0x00000000000000000000000000000000000000000000000000000000000000000000000000000000000000000000000000000000000000003a9e2da77c75ed9b000000000000000000000000000000000000000000000000000005f656f6e37a0000000000000000000000000000000000000000000000000000000000000000,"0xd78ad95fa46c994b6551d0da85fc275fe613ce37657fb8d5e3d130840159d822,0x0000000000000000000000007a250d5630b4cf539739df2c5dacb4c659f2488d,0x00000000000000000000000048c04ed5691981c42154c6167398f95e8f38a7ff"
129,4,0x4f0d1258c2eb4466a5a8c54bd9644a72da89d4bd932b162d6ba0c75040a032a1,8,0xd5249106cb538ea5c72618fce498045efef3ab57dd0550435338bab8275e91db,14210767,0xdac17f958d2ee523a2206206994597c13d831ec7,0x00000000000000000000000000000000000000000000000000000000d23ca299,"0xddf252ad1be2c89b69c2b068fc378daa952ba7f163c4a11628f55a4df523b3ef,0x00000000000000000000000056eddb7aa87536c09ccc2793473599fd21a8b17f,0x000000000000000000000000771e8a8c41a3014837b55d85f69d9a3b556a6720"
130,115,0x9395ca2990f4c92262ae6b4f574b1c0f54b010f3a70782e7b6df53f72d7991ab,79,0x8b576233448d17ce23b62aae6dcaba45d5dae0f2e743370bcf95fe69b1206103,14210867,0x9c99d7f09d4a7e23ea4e36aec4cb590c5bbdb0e2,0x0000000000000000000000000000000000000000000000000000000000000001,"0x17307eab39ab6107e8899845ad3d59bd9653f200f220920489ca2b5937696c31,0x0000000000000000000000006c9273e9bf103a19ccce4c06fe7213de27493871,0x0000000000000000000000004b048e1b715005db6d9779492d908119b73c488e"
131,5,0x13573179e49ba8720ef36b1c0d22d04a34bac455ea42162804819809522a3a55,1,0x215de400f22ed70f4618959cd99d0082a925fc3ae463c9f5d6fcfa97ca9d83e0,14210567,0x2b591e99afe9f32eaa6214f7b7629768c40eeb39,0x000000000000000000000000000000000000000000000000000003dd53161f7b,"0xddf252ad1be2c89b69c2b068fc378daa952ba7f163c4a11628f55a4df523b3ef,0x0000000000000000000000009e0905249ceefffb9605e034b534544684a58be6,0x00000000000000000000000055d5c232d921b9eaa6b37b5845e439acd04b4dba"
132,6,0x13573179e49ba8720ef36b1c0d22d04a34bac455ea42162804819809522a3a55,1,0x215de400f22ed70f4618959cd99d0082a925fc3ae463c9f5d6fcfa97ca9d83e0,14210567,0xc02aaa39b223fe8d0a0e5c4f27ead9083c756cc2,0x00000000000000000000000000000000000000000000000025a4129f3230daa3,"0xddf252ad1be2c89b69c2b068fc378daa952ba7f163c4a11628f55a4df523b3ef,0x0000000000000000000000005aa3393e361c2eb342408559309b3e873cd876d6,0x0000000000000000000000009e0905249ceefffb9605e034b534544684a58be6"
133,7,0x13573179e49ba8720ef36b1c0d22d04a34bac455ea42162804819809522a3a55,1,0x215de400f22ed70f4618959cd99d0082a925fc3ae463c9f5d6fcfa97ca9d83e0,14210567,0x9e0905249ceefffb9605e034b534544684a58be6,0xfffffffffffffffffffffffffffffffffffffffffffffffffffffc22ace9e08500000000000000000000000000000000000000000000000025a4129f3230daa3000000000000000000000000000000000000031e7047507d1f22a5f4b30f7d330000000000000000000000000000000000000000000000001b5c9f5acdd08c4a0000000000000000000000000000000000000000000000000000000000020a1b,"0xc42079f94a6350d7e6235f29174924f928cc2ac818eb64fed8004e115fbcca67,0x00000000000000000000000058418d6c83efab01ed78b0ac42e55af01ee77dba,0x00000000000000000000000055d5c232d921b9eaa6b37b5845e439acd04b4dba"
134,8,0x13573179e49ba8720ef36b1c0d22d04a34bac455ea42162804819809522a3a55,1,0x215de400f22ed70f4618959cd99d0082a925fc3ae463c9f5d6fcfa97ca9d83e0,14210567,0xc02aaa39b223fe8d0a0e5c4f27ead9083c756cc2,0x00000000000000000000000000000000000000000000000025d764a9344ddd04,"0xddf252ad1be2c89b69c2b068fc378daa952ba7f163c4a11628f55a4df523b3ef,0x00000000000000000000000055d5c232d921b9eaa6b37b5845e439acd04b4dba,0x0000000000000000000000005aa3393e361c2eb342408559309b3e873cd876d6"
135,9,0x13573179e49ba8720ef36b1c0d22d04a34bac455ea42162804819809522a3a55,1,0x215de400f22ed70f4618959cd99d0082a925fc3ae463c9f5d6fcfa97ca9d83e0,14210567,0x55d5c232d921b9eaa6b37b5845e439acd04b4dba,0x0000000000000000000000000000000000000000000000000004328bb6a63a7c0000000000000000000000000000000000000000000000291394099bb6d1a203,0x1c411e9a96e071241c2f21f7726b17ae89e3cab4c78be50e062b03a9fffbbad1
136,10,0x13573179e49ba8720ef36b1c0d22d04a34bac455ea42162804819809522a3a55,1,0x215de400f22ed70f4618959cd99d0082a925fc3ae463c9f5d6fcfa97ca9d83e0,14210567,0x55d5c232d921b9eaa6b37b5845e439acd04b4dba,0x000000000000000000000000000000000000000000000000000003dd53161f7b0000000000000000000000000000000000000000000000000000000000000000000000000000000000000000000000000000000000000000000000000000000000000000000000000000000000000000000000000000000025d764a9344ddd04,"0xd78ad95fa46c994b6551d0da85fc275fe613ce37657fb8d5e3d130840159d822,0x00000000000000000000000058418d6c83efab01ed78b0ac42e55af01ee77dba,0x0000000000000000000000005aa3393e361c2eb342408559309b3e873cd876d6"
137,5,0x0ea4d36bf124a9b859a5b822c52729905b1054546eeba29e8aecee38f33a61ff,8,0xee5882bac00b18f7adfde5c376ecffc134fe4a6be9749c64023346b385f33b9f,14210967,0xdac17f958d2ee523a2206206994597c13d831ec7,0x000000000000000000000000000000000000000000000000000000042fb10700,"0xddf252ad1be2c89b69c2b068fc378daa952ba7f163c4a11628f55a4df523b3ef,0x000000000000000000000000dfd5293d8e347dfe59e90efd55b2956a1343963d,0x000000000000000000000000dd622494c5d1681b3a2867e35e5f81cbca41d86a"
138,11,0xc07850c14bab0e08308c0f88f2236c150bc977ecbcffbca5f07a3738889d4dbb,2,0x215de400f22ed70f4618959cd99d0082a925fc3ae463c9f5d6fcfa97ca9d83e0,14210567,0xc02aaa39b223fe8d0a0e5c4f27ead9083c756cc2,0x000000000000000000000000000000000000000000000000072b7548b6b6dc00,"0xddf252ad1be2c89b69c2b068fc378daa952ba7f163c4a11628f55a4df523b3ef,0x000000000000000000000000ec001d0000004536cad29291f4000000d029abb2,0x000000000000000000000000b2c29e311916a346304f83aa44527092d5bd4f0f"
139,12,0xc07850c14bab0e08308c0f88f2236c150bc977ecbcffbca5f07a3738889d4dbb,2,0x215de400f22ed70f4618959cd99d0082a925fc3ae463c9f5d6fcfa97ca9d83e0,14210567,0x8888801af4d980682e47f1a9036e589479e835c5,0x000000000000000000000000000000000000000000000001899e9e3f8524c455,"0xddf252ad1be2c89b69c2b068fc378daa952ba7f163c4a11628f55a4df523b3ef,0x000000000000000000000000b2c29e311916a346304f83aa44527092d5bd4f0f,0x000000000000000000000000ec001d0000004536cad29291f4000000d029abb2"
140,13,0xc07850c14bab0e08308c0f88f2236c150bc977ecbcffbca5f07a3738889d4dbb,2,0x215de400f22ed70f4618959cd99d0082a925fc3ae463c9f5d6fcfa97ca9d83e0,14210567,0xb2c29e311916a346304f83aa44527092d5bd4f0f,0x0000000000000000000000000000000000000000000000e7e8a5b77e43a95a830000000000000000000000000000000000000000000000043d52725d7c90d4b5,0x1c411e9a96e071241c2f21f7726b17ae89e3cab4c78be50e062b03a9fffbbad1
141,14,0xc07850c14bab0e08308c0f88f2236c150bc977ecbcffbca5f07a3738889d4dbb,2,0x215de400f22ed70f4618959cd99d0082a925fc3ae463c9f5d6fcfa97ca9d83e0,14210567,0xb2c29e311916a346304f83aa44527092d5bd4f0f,0x0000000000000000000000000000000000000000000000000000000000000000000000000000000000000000000000000000000000000000072b7548b6b6dc00000000000000000000000000000000000000000000000001899e9e3f8524c4550000000000000000000000000000000000000000000000000000000000000000,"0xd78ad95fa46c994b6551d0da85fc275fe613ce37657fb8d5e3d130840159d822,0x000000000000000000000000ec001d0000004536cad29291f4000000d029abb2,0x000000000000000000000000ec001d0000004536cad29291f4000000d029abb2"
142,15,0xc07850c14bab0e08308c0f88f2236c150bc977ecbcffbca5f07a3738889d4dbb,2,0x215de400f22ed70f4618959cd99d0082a925fc3ae463c9f5d6fcfa97ca9d83e0,14210567,0x8888801af4d980682e47f1a9036e589479e835c5,0x000000000000000000000000000000000000000000000001899e9e3f8524c455,"0xddf252ad1be2c89b69c2b068fc378daa952ba7f163c4a11628f55a4df523b3ef,0x000000000000000000000000ec001d0000004536cad29291f4000000d029abb2,0x000000000000000000000000df3fdfbce72da4fd42e7cfde7249e15357c7d808"
143,16,0xc07850c14bab0e08308c0f88f2236c150bc977ecbcffbca5f07a3738889d4dbb,2,0x215de400f22ed70f4618959cd99d0082a925fc3ae463c9f5d6fcfa97ca9d83e0,14210567,0x8888801af4d980682e47f1a9036e589479e835c5,0xfffffffffffffffffffffffffffffffffffffffffffffef10db2f832fb2575f0,"0x8c5be1e5ebec7d5bd14f71427d1e84f3dd0314c0f7b2291e5b200ac8c7c3b925,0x000000000000000000000000ec001d0000004536cad29291f4000000d029abb2,0x0000000000000000000000002f9ec37d6ccfff1cab21733bdadede11c823ccb0"
144,17,0xc07850c14bab0e08308c0f88f2236c150bc977ecbcffbca5f07a3738889d4dbb,2,0x215de400f22ed70f4618959cd99d0082a925fc3ae463c9f5d6fcfa97ca9d83e0,14210567,0x1f573d6fb3f13d689ff844b4ce37794d79a7ff1c,0x000000000000000000000000000000000000000000000020bbd8035c46964b86,"0xddf252ad1be2c89b69c2b068fc378daa952ba7f163c4a11628f55a4df523b3ef,0x000000000000000000000000df3fdfbce72da4fd42e7cfde7249e15357c7d808,0x000000000000000000000000bff308a38e160d1b9f25d2c0545a98a930942750"
145,18,0xc07850c14bab0e08308c0f88f2236c150bc977ecbcffbca5f07a3738889d4dbb,2,0x215de400f22ed70f4618959cd99d0082a925fc3ae463c9f5d6fcfa97ca9d83e0,14210567,0xdf3fdfbce72da4fd42e7cfde7249e15357c7d808,0x000000000000000000000000000000000000000000000001899e9e3f8524c455000000000000000000000000000000000000000000000020bbd8035c46964b8600000000000000000000000000000000000000000000000010cb1403c6aebae4,"0x276856b36cbc45526a0ba64f44611557a2a8b68662c5388e9fe6d72e86e1c8cb,0x0000000000000000000000008888801af4d980682e47f1a9036e589479e835c5,0x0000000000000000000000001f573d6fb3f13d689ff844b4ce37794d79a7ff1c,0x000000000000000000000000ec001d0000004536cad29291f4000000d029abb2"
146,19,0xc07850c14bab0e08308c0f88f2236c150bc977ecbcffbca5f07a3738889d4dbb,2,0x215de400f22ed70f4618959cd99d0082a925fc3ae463c9f5d6fcfa97ca9d83e0,14210567,0xdf3fdfbce72da4fd42e7cfde7249e15357c7d808,0x00000000000000000000000000000000000000000000589338ad42c69e154b750000000000000000000000000000000000000000000004288252085241ff59ae,"0x77f29993cf2c084e726f7e802da0719d6a0ade3e204badc7a3ffd57ecb768c24,0x0000000000000000000000008888801af4d980682e47f1a9036e589479e835c5,0x0000000000000000000000001f573d6fb3f13d689ff844b4ce37794d79a7ff1c"
147,20,0xc07850c14bab0e08308c0f88f2236c150bc977ecbcffbca5f07a3738889d4dbb,2,0x215de400f22ed70f4618959cd99d0082a925fc3ae463c9f5d6fcfa97ca9d83e0,14210567,0xdf3fdfbce72da4fd42e7cfde7249e15357c7d808,0x0000000000000000000000000000000000000000000004288252085241ff59ae0000000000000000000000000000000000000000000007eebfe873179da79941,"0x77f29993cf2c084e726f7e802da0719d6a0ade3e204badc7a3ffd57ecb768c24,0x000000000000000000000000abf26410b1cff45641af087ee939e52e328cee46,0x0000000000000000000000008888801af4d980682e47f1a9036e589479e835c5"
148,21,0xc07850c14bab0e08308c0f88f2236c150bc977ecbcffbca5f07a3738889d4dbb,2,0x215de400f22ed70f4618959cd99d0082a925fc3ae463c9f5d6fcfa97ca9d83e0,14210567,0xdf3fdfbce72da4fd42e7cfde7249e15357c7d808,0x00000000000000000000000000000000000000000000589338ad42c69e154b750000000000000000000000000000000000000000000007eebfe873179da79941,"0x77f29993cf2c084e726f7e802da0719d6a0ade3e204badc7a3ffd57ecb768c24,0x000000000000000000000000abf26410b1cff45641af087ee939e52e328cee46,0x0000000000000000000000001f573d6fb3f13d689ff844b4ce37794d79a7ff1c"
149,22,0xc07850c14bab0e08308c0f88f2236c150bc977ecbcffbca5f07a3738889d4dbb,2,0x215de400f22ed70f4618959cd99d0082a925fc3ae463c9f5d6fcfa97ca9d83e0,14210567,0x2f9ec37d6ccfff1cab21733bdadede11c823ccb0,0x000000000000000000000000000000000000000000000001899e9e3f8524c455000000000000000000000000000000000000000000000020bbd8035c46964b86000000000000000000000000ec001d0000004536cad29291f4000000d029abb2,"0x7154b38b5dd31bb3122436a96d4e09aba5b323ae1fd580025fab55074334c095,0x000000000000000000000000abf26410b1cff45641af087ee939e52e328cee46,0x0000000000000000000000008888801af4d980682e47f1a9036e589479e835c5,0x0000000000000000000000001f573d6fb3f13d689ff844b4ce37794d79a7ff1c"
150,23,0xc07850c14bab0e08308c0f88f2236c150bc977ecbcffbca5f07a3738889d4dbb,2,0x215de400f22ed70f4618959cd99d0082a925fc3ae463c9f5d6fcfa97ca9d83e0,14210567,0x86772b1409b61c639eaac9ba0acfbb6e238e5f83,0x00000000000000000000000000000000000000000000001b76317d0cf8116da2,"0xddf252ad1be2c89b69c2b068fc378daa952ba7f163c4a11628f55a4df523b3ef,0x000000000000000000000000bff308a38e160d1b9f25d2c0545a98a930942750,0x0000000000000000000000008911fce375a8414b1b578be66ee691a8d2d4dbf7"
151,24,0xc07850c14bab0e08308c0f88f2236c150bc977ecbcffbca5f07a3738889d4dbb,2,0x215de400f22ed70f4618959cd99d0082a925fc3ae463c9f5d6fcfa97ca9d83e0,14210567,0xbff308a38e160d1b9f25d2c0545a98a930942750,0x000000000000000000000000000000000000000000000020bbd8035c46964b8600000000000000000000000000000000000000000000001b76317d0cf8116da20000000000000000000000000000000000000000000000000e16ac1d44bac6c2,"0x276856b36cbc45526a0ba64f44611557a2a8b68662c5388e9fe6d72e86e1c8cb,0x0000000000000000000000001f573d6fb3f13d689ff844b4ce37794d79a7ff1c,0x00000000000000000000000086772b1409b61c639eaac9ba0acfbb6e238e5f83,0x000000000000000000000000ec001d0000004536cad29291f4000000d029abb2"
152,25,0xc07850c14bab0e08308c0f88f2236c150bc977ecbcffbca5f07a3738889d4dbb,2,0x215de400f22ed70f4618959cd99d0082a925fc3ae463c9f5d6fcfa97ca9d83e0,14210567,0xbff308a38e160d1b9f25d2c0545a98a930942750,0x0000000000000000000000000000000000000000000043fc4c05d3a7de7c0f5b000000000000000000000000000000000000000000005100bc74cba5395cad56,"0x77f29993cf2c084e726f7e802da0719d6a0ade3e204badc7a3ffd57ecb768c24,0x0000000000000000000000001f573d6fb3f13d689ff844b4ce37794d79a7ff1c,0x00000000000000000000000086772b1409b61c639eaac9ba0acfbb6e238e5f83"
153,26,0xc07850c14bab0e08308c0f88f2236c150bc977ecbcffbca5f07a3738889d4dbb,2,0x215de400f22ed70f4618959cd99d0082a925fc3ae463c9f5d6fcfa97ca9d83e0,14210567,0xbff308a38e160d1b9f25d2c0545a98a930942750,0x000000000000000000000000000000000000000000005100bc74cba5395cad560000000000000000000000000000000000000000000039c3e04441c1ee8e3c5e,"0x77f29993cf2c084e726f7e802da0719d6a0ade3e204badc7a3ffd57ecb768c24,0x000000000000000000000000dc2e3142c5803e040feb2d2e3c09c865fc5e3d0c,0x0000000000000000000000001f573d6fb3f13d689ff844b4ce37794d79a7ff1c"
154,27,0xc07850c14bab0e08308c0f88f2236c150bc977ecbcffbca5f07a3738889d4dbb,2,0x215de400f22ed70f4618959cd99d0082a925fc3ae463c9f5d6fcfa97ca9d83e0,14210567,0xbff308a38e160d1b9f25d2c0545a98a930942750,0x0000000000000000000000000000000000000000000043fc4c05d3a7de7c0f5b0000000000000000000000000000000000000000000039c3e04441c1ee8e3c5e,"0x77f29993cf2c084e726f7e802da0719d6a0ade3e204badc7a3ffd57ecb768c24,0x000000000000000000000000dc2e3142c5803e040feb2d2e3c09c865fc5e3d0c,0x00000000000000000000000086772b1409b61c639eaac9ba0acfbb6e238e5f83"
155,28,0xc07850c14bab0e08308c0f88f2236c150bc977ecbcffbca5f07a3738889d4dbb,2,0x215de400f22ed70f4618959cd99d0082a925fc3ae463c9f5d6fcfa97ca9d83e0,14210567,0x2f9ec37d6ccfff1cab21733bdadede11c823ccb0,0x000000000000000000000000000000000000000000000020bbd8035c46964b8600000000000000000000000000000000000000000000001b76317d0cf8116da2000000000000000000000000ec001d0000004536cad29291f4000000d029abb2,"0x7154b38b5dd31bb3122436a96d4e09aba5b323ae1fd580025fab55074334c095,0x000000000000000000000000dc2e3142c5803e040feb2d2e3c09c865fc5e3d0c,0x0000000000000000000000001f573d6fb3f13d689ff844b4ce37794d79a7ff1c,0x00000000000000000000000086772b1409b61c639eaac9ba0acfbb6e238e5f83"
156,29,0xc07850c14bab0e08308c0f88f2236c150bc977ecbcffbca5f07a3738889d4dbb,2,0x215de400f22ed70f4618959cd99d0082a925fc3ae463c9f5d6fcfa97ca9d83e0,14210567,0xc02aaa39b223fe8d0a0e5c4f27ead9083c756cc2,0x000000000000000000000000000000000000000000000000075f173340e141e8,"0xddf252ad1be2c89b69c2b068fc378daa952ba7f163c4a11628f55a4df523b3ef,0x0000000000000000000000008911fce375a8414b1b578be66ee691a8d2d4dbf7,0x000000000000000000000000ec001d0000004536cad29291f4000000d029abb2"
157,30,0xc07850c14bab0e08308c0f88f2236c150bc977ecbcffbca5f07a3738889d4dbb,2,0x215de400f22ed70f4618959cd99d0082a925fc3ae463c9f5d6fcfa97ca9d83e0,14210567,0x8911fce375a8414b1b578be66ee691a8d2d4dbf7,0x0000000000000000000000000000000000000000000005f5c0b8bdc019435c6200000000000000000000000000000000000000000000000193642cf0d97c2c25,0x1c411e9a96e071241c2f21f7726b17ae89e3cab4c78be50e062b03a9fffbbad1
158,31,0xc07850c14bab0e08308c0f88f2236c150bc977ecbcffbca5f07a3738889d4dbb,2,0x215de400f22ed70f4618959cd99d0082a925fc3ae463c9f5d6fcfa97ca9d83e0,14210567,0x8911fce375a8414b1b578be66ee691a8d2d4dbf7,0x00000000000000000000000000000000000000000000001b76317d0cf8116da200000000000000000000000000000000000000000000000000000000000000000000000000000000000000000000000000000000000000000000000000000000000000000000000000000000000000000000000000000000075f173340e141e8,"0xd78ad95fa46c994b6551d0da85fc275fe613ce37657fb8d5e3d130840159d822,0x000000000000000000000000ec001d0000004536cad29291f4000000d029abb2,0x000000000000000000000000ec001d0000004536cad29291f4000000d029abb2"
159,6,0x870b52346651ba1d6f85df805c911d93e27691144e41e879c3ae393a8e0bd8d1,9,0xee5882bac00b18f7adfde5c376ecffc134fe4a6be9749c64023346b385f33b9f,14210967,0xdac17f958d2ee523a2206206994597c13d831ec7,0x0000000000000000000000000000000000000000000000000000000000e4e1c0,"0xddf252ad1be2c89b69c2b068fc378daa952ba7f163c4a11628f55a4df523b3ef,0x00000000000000000000000028c6c06298d514db089934071355e5743bf21d60,0x0000000000000000000000008c94f8d0337a54dfecb91cf93a899383c38fdb93"
160,116,0x25bdcd857d70176e03c8ebea47e775356d1d0c30275cb840ac2e2c81ff679449,81,0x8b576233448d17ce23b62aae6dcaba45d5dae0f2e743370bcf95fe69b1206103,14210867,0x9ebab3b21b5ef5709bd476b022fc432fc84c0e86,0x,"0xddf252ad1be2c89b69c2b068fc378daa952ba7f163c4a11628f55a4df523b3ef,0x0000000000000000000000000000000000000000000000000000000000000000,0x000000000000000000000000059f258c71f41c6c97324cc885fbfbb2f45a9cb1,0x00000000000000000000000000000000000000000000000000000000001e92c5"
161,117,0x25bdcd857d70176e03c8ebea47e775356d1d0c30275cb840ac2e2c81ff679449,81,0x8b576233448d17ce23b62aae6dcaba45d5dae0f2e743370bcf95fe69b1206103,14210867,0x9ebab3b21b5ef5709bd476b022fc432fc84c0e86,0x,"0xd5859f7b34c949fe46d0343d829c412a548f201375e0d2e6da15aa44aa5c41ad,0x000000000000000000000000059f258c71f41c6c97324cc885fbfbb2f45a9cb1,0x00000000000000000000000000000000000000000000000000000000001e92c5"
162,7,0x189222c4c71bfa668f2ca1f88d6d0d090d437ba8bce6471e50badda3e3c6cb13,10,0xee5882bac00b18f7adfde5c376ecffc134fe4a6be9749c64023346b385f33b9f,14210967,0x7fc66500c84a76ad7e9c93437bfc5ac33e2ddae9,0x0000000000000000000000000000000000000000000003bf097f541d254a10000000000000000000000000000000000000000000000000000000000000000000,"0xa0a19463ee116110c9b282012d9b65cc5522dc38a9520340cbaf3142e550127f,0x000000000000000000000000dfd5293d8e347dfe59e90efd55b2956a1343963d"
163,8,0x189222c4c71bfa668f2ca1f88d6d0d090d437ba8bce6471e50badda3e3c6cb13,10,0xee5882bac00b18f7adfde5c376ecffc134fe4a6be9749c64023346b385f33b9f,14210967,0x7fc66500c84a76ad7e9c93437bfc5ac33e2ddae9,0x00000000000000000000000000000000000000000000002b3950b982f9f600000000000000000000000000000000000000000000000000000000000000000000,"0xa0a19463ee116110c9b282012d9b65cc5522dc38a9520340cbaf3142e550127f,0x000000000000000000000000fa103c21ea2df71dfb92b0652f8b1d795e51cdef"
164,9,0x189222c4c71bfa668f2ca1f88d6d0d090d437ba8bce6471e50badda3e3c6cb13,10,0xee5882bac00b18f7adfde5c376ecffc134fe4a6be9749c64023346b385f33b9f,14210967,0x7fc66500c84a76ad7e9c93437bfc5ac33e2ddae9,0x0000000000000000000000000000000000000000000003bf097f541d254a10000000000000000000000000000000000000000000000000000000000000000001,"0xa0a19463ee116110c9b282012d9b65cc5522dc38a9520340cbaf3142e550127f,0x000000000000000000000000dfd5293d8e347dfe59e90efd55b2956a1343963d"
165,10,0x189222c4c71bfa668f2ca1f88d6d0d090d437ba8bce6471e50badda3e3c6cb13,10,0xee5882bac00b18f7adfde5c376ecffc134fe4a6be9749c64023346b385f33b9f,14210967,0x7fc66500c84a76ad7e9c93437bfc5ac33e2ddae9,0x00000000000000000000000000000000000000000000002b3950b982f9f600000000000000000000000000000000000000000000000000000000000000000001,"0xa0a19463ee116110c9b282012d9b65cc5522dc38a9520340cbaf3142e550127f,0x000000000000000000000000fa103c21ea2df71dfb92b0652f8b1d795e51cdef"
166,11,0x189222c4c71bfa668f2ca1f88d6d0d090d437ba8bce6471e50badda3e3c6cb13,10,0xee5882bac00b18f7adfde5c376ecffc134fe4a6be9749c64023346b385f33b9f,14210967,0x7fc66500c84a76ad7e9c93437bfc5ac33e2ddae9,0x000000000000000000000000000000000000000000000014355c9aed4a1e0000,"0xddf252ad1be2c89b69c2b068fc378daa952ba7f163c4a11628f55a4df523b3ef,0x000000000000000000000000dfd5293d8e347dfe59e90efd55b2956a1343963d,0x000000000000000000000000fa103c21ea2df71dfb92b0652f8b1d795e51cdef"
167,118,0x9fe6733e2335eef7b9fa71c486e5dc2fcbcb51c4ccb4512e5cbeca48c5487733,82,0x8b576233448d17ce23b62aae6dcaba45d5dae0f2e743370bcf95fe69b1206103,14210867,0x2eb6be120ef111553f768fcd509b6368e82d1661,0x,"0x8c5be1e5ebec7d5bd14f71427d1e84f3dd0314c0f7b2291e5b200ac8c7c3b925,0x00000000000000000000000079834de0eb27d3041ca393136483ce15d03c7e21,0x0000000000000000000000000000000000000000000000000000000000000000,0x00000000000000000000000000000000000000000000000000000000000017be"
168,119,0x9fe6733e2335eef7b9fa71c486e5dc2fcbcb51c4ccb4512e5cbeca48c5487733,82,0x8b576233448d17ce23b62aae6dcaba45d5dae0f2e743370bcf95fe69b1206103,14210867,0x2eb6be120ef111553f768fcd509b6368e82d1661,0x,"0xddf252ad1be2c89b69c2b068fc378daa952ba7f163c4a11628f55a4df523b3ef,0x00000000000000000000000079834de0eb27d3041ca393136483ce15d03c7e21,0x000000000000000000000000cdc4b179e2aae1fbf0aa0409cf56a29c3dee086d,0x00000000000000000000000000000000000000000000000000000000000017be"
169,120,0x9fe6733e2335eef7b9fa71c486e5dc2fcbcb51c4ccb4512e5cbeca48c5487733,82,0x8b576233448d17ce23b62aae6dcaba45d5dae0f2e743370bcf95fe69b1206103,14210867,0x7be8076f4ea4a4ad08075c2508e481d6c946d12b,0x000000000000000000000000000000000000000000000000000000000000000043d562089bb8ce712684aeea67bfda62106f8e04c24bcd488aa8100c992d1bcc00000000000000000000000000000000000000000000000000354a6ba7a18000,"0xc4109843e0b7d514e4c093114b863f8e7d8d9a458c372cd51bfe526b588006c9,0x00000000000000000000000079834de0eb27d3041ca393136483ce15d03c7e21,0x000000000000000000000000cdc4b179e2aae1fbf0aa0409cf56a29c3dee086d,0x0000000000000000000000000000000000000000000000000000000000000000"
170,12,0x299eb9ff92a4d21966d4342e3575382eb36dabe9e94522b1e080616c785689dd,11,0xee5882bac00b18f7adfde5c376ecffc134fe4a6be9749c64023346b385f33b9f,14210967,0xc00e94cb662c3520282e6f5717214004a7f26888,0x0000000000000000000000000000000000000000000000109eee039046c40000,"0xddf252ad1be2c89b69c2b068fc378daa952ba7f163c4a11628f55a4df523b3ef,0x00000000000000000000000073f9b272abda7a97cb1b237d85f9a7236edb6f16,0x00000000000000000000000028c6c06298d514db089934071355e5743bf21d60"
171,121,0xae36467b922e7c15bf7d11ccb6955555bd87931f89782d1a95dbbf7fff53d5a2,83,0x8b576233448d17ce23b62aae6dcaba45d5dae0f2e743370bcf95fe69b1206103,14210867,0x0b92741315ce565849b440354a010ed346cf2fb7,0x00000000000000000000000000000000000000000099c84b336dbe8042261e45,"0xddf252ad1be2c89b69c2b068fc378daa952ba7f163c4a11628f55a4df523b3ef,0x0000000000000000000000004ae3b1439f845f3220f4caf8d07a32d134a346ae,0x000000000000000000000000000000000000000000000000000000000000dead"
172,122,0xae36467b922e7c15bf7d11ccb6955555bd87931f89782d1a95dbbf7fff53d5a2,83,0x8b576233448d17ce23b62aae6dcaba45d5dae0f2e743370bcf95fe69b1206103,14210867,0x4ae3b1439f845f3220f4caf8d07a32d134a346ae,0x0000000000000000000000000000000000000000efaf2d35280be9e719692e12000000000000000000000000000000000000000000000005bf5aae57b8deac3e,0x1c411e9a96e071241c2f21f7726b17ae89e3cab4c78be50e062b03a9fffbbad1
173,123,0xae36467b922e7c15bf7d11ccb6955555bd87931f89782d1a95dbbf7fff53d5a2,83,0x8b576233448d17ce23b62aae6dcaba45d5dae0f2e743370bcf95fe69b1206103,14210867,0x0b92741315ce565849b440354a010ed346cf2fb7,0x,0x454c91ae84fcc766ddda0dcb289f26b3d0176efeacf4061fc219fa6ca8c3048d
174,124,0xae36467b922e7c15bf7d11ccb6955555bd87931f89782d1a95dbbf7fff53d5a2,83,0x8b576233448d17ce23b62aae6dcaba45d5dae0f2e743370bcf95fe69b1206103,14210867,0x0b92741315ce565849b440354a010ed346cf2fb7,0x00000000000000000000000000000000000000000017d2a31de7728b2eb90000,"0xddf252ad1be2c89b69c2b068fc378daa952ba7f163c4a11628f55a4df523b3ef,0x000000000000000000000000b69f1f2be971ffa12eed0e99029aa866272fd17a,0x0000000000000000000000000b92741315ce565849b440354a010ed346cf2fb7"
175,125,0xae36467b922e7c15bf7d11ccb6955555bd87931f89782d1a95dbbf7fff53d5a2,83,0x8b576233448d17ce23b62aae6dcaba45d5dae0f2e743370bcf95fe69b1206103,14210867,0x0b92741315ce565849b440354a010ed346cf2fb7,0x0000000000000000000000000000000000000000004b7059deb2400e13f48000,"0xddf252ad1be2c89b69c2b068fc378daa952ba7f163c4a11628f55a4df523b3ef,0x000000000000000000000000b69f1f2be971ffa12eed0e99029aa866272fd17a,0x0000000000000000000000004ae3b1439f845f3220f4caf8d07a32d134a346ae"
176,126,0xae36467b922e7c15bf7d11ccb6955555bd87931f89782d1a95dbbf7fff53d5a2,83,0x8b576233448d17ce23b62aae6dcaba45d5dae0f2e743370bcf95fe69b1206103,14210867,0x0b92741315ce565849b440354a010ed346cf2fb7,0xffffffffffffffffffffffffffffffffffffffffff07d88775fe365189527fff,"0x8c5be1e5ebec7d5bd14f71427d1e84f3dd0314c0f7b2291e5b200ac8c7c3b925,0x000000000000000000000000b69f1f2be971ffa12eed0e99029aa866272fd17a,0x00000000000000000000000068b3465833fb72a70ecdf485e0e4c7bd8665fc45"
177,127,0xae36467b922e7c15bf7d11ccb6955555bd87931f89782d1a95dbbf7fff53d5a2,83,0x8b576233448d17ce23b62aae6dcaba45d5dae0f2e743370bcf95fe69b1206103,14210867,0xc02aaa39b223fe8d0a0e5c4f27ead9083c756cc2,0x00000000000000000000000000000000000000000000000001cd24b6238bbcf0,"0xddf252ad1be2c89b69c2b068fc378daa952ba7f163c4a11628f55a4df523b3ef,0x0000000000000000000000004ae3b1439f845f3220f4caf8d07a32d134a346ae,0x00000000000000000000000068b3465833fb72a70ecdf485e0e4c7bd8665fc45"
178,128,0xae36467b922e7c15bf7d11ccb6955555bd87931f89782d1a95dbbf7fff53d5a2,83,0x8b576233448d17ce23b62aae6dcaba45d5dae0f2e743370bcf95fe69b1206103,14210867,0x4ae3b1439f845f3220f4caf8d07a32d134a346ae,0x0000000000000000000000000000000000000000effa9d8f06be29f52d5dae12000000000000000000000000000000000000000000000005bd8d89a19552ef4e,0x1c411e9a96e071241c2f21f7726b17ae89e3cab4c78be50e062b03a9fffbbad1
179,129,0xae36467b922e7c15bf7d11ccb6955555bd87931f89782d1a95dbbf7fff53d5a2,83,0x8b576233448d17ce23b62aae6dcaba45d5dae0f2e743370bcf95fe69b1206103,14210867,0x4ae3b1439f845f3220f4caf8d07a32d134a346ae,0x0000000000000000000000000000000000000000004b7059deb2400e13f480000000000000000000000000000000000000000000000000000000000000000000000000000000000000000000000000000000000000000000000000000000000000000000000000000000000000000000000000000000000001cd24b6238bbcf0,"0xd78ad95fa46c994b6551d0da85fc275fe613ce37657fb8d5e3d130840159d822,0x00000000000000000000000068b3465833fb72a70ecdf485e0e4c7bd8665fc45,0x00000000000000000000000068b3465833fb72a70ecdf485e0e4c7bd8665fc45"
180,130,0xae36467b922e7c15bf7d11ccb6955555bd87931f89782d1a95dbbf7fff53d5a2,83,0x8b576233448d17ce23b62aae6dcaba45d5dae0f2e743370bcf95fe69b1206103,14210867,0xc02aaa39b223fe8d0a0e5c4f27ead9083c756cc2,0x00000000000000000000000000000000000000000000000001cd24b6238bbcf0,"0x7fcf532c15f0a6db0bd6d0e038bea71d30d808c7d98cb3bf7268a95bf5081b65,0x00000000000000000000000068b3465833fb72a70ecdf485e0e4c7bd8665fc45"
181,13,0x652fcace7fe5135f5fbdaca6bb0e859cbb383f3cf159d304979f5a3047f96657,12,0xee5882bac00b18f7adfde5c376ecffc134fe4a6be9749c64023346b385f33b9f,14210967,0xf57e7e7c23978c3caec3c3548e3d615c346e79ff,0x000000000000000000000000000000000000000000000afeb3282af91f87f000,"0xddf252ad1be2c89b69c2b068fc378daa952ba7f163c4a11628f55a4df523b3ef,0x000000000000000000000000a06d904edc8d04a980074cf9cae79a13f9efd20e,0x0000000000000000000000006cc5f688a315f3dc28a7781717a9a798a59fda7b"
182,131,0x62646ddc19320c73b73bef83a9760db22a523f2dc49b49d982224d76b1690da3,84,0x8b576233448d17ce23b62aae6dcaba45d5dae0f2e743370bcf95fe69b1206103,14210867,0x7be8076f4ea4a4ad08075c2508e481d6c946d12b,0x,"0x5152abf959f6564662358c2e52b702259b78bac5ee7842a0f01937e670efcc7d,0xa1c8ed6ce2bb6b25084f53f8b51d27a1e4b55997d4209a0ae4d10680f447362c"
183,32,0xc26c472a3fda5ff7273bf8908f637ab22c358b9bcaec0cec5f0111c8ed67da95,6,0x215de400f22ed70f4618959cd99d0082a925fc3ae463c9f5d6fcfa97ca9d83e0,14210567,0xdac17f958d2ee523a2206206994597c13d831ec7,0x000000000000000000000000000000000000000000000000000000021d5cf05b,"0xddf252ad1be2c89b69c2b068fc378daa952ba7f163c4a11628f55a4df523b3ef,0x00000000000000000000000046705dfff24256421a05d056c29e81bdc09723b8,0x000000000000000000000000560b97087222199e301b8edae25e7872b9eeb806"
184,14,0xa385cd3e2ef5e3f31d267192f8f0c6f1b6763eb256e3bb30df8a840ce564cf80,13,0xee5882bac00b18f7adfde5c376ecffc134fe4a6be9749c64023346b385f33b9f,14210967,0xf57e7e7c23978c3caec3c3548e3d615c346e79ff,0x00000000000000000000000000000000000000000000002b54fa77eb9a745aaa,"0xddf252ad1be2c89b69c2b068fc378daa952ba7f163c4a11628f55a4df523b3ef,0x00000000000000000000000012e8a07604ade6a16fc5418ec2c998bd7acac3da,0x0000000000000000000000006cc5f688a315f3dc28a7781717a9a798a59fda7b"
185,5,0xa01e5d70ea36b379a04f65205450d62b80054bd9b81be1967520bba68b4fac42,14,0xd5249106cb538ea5c72618fce498045efef3ab57dd0550435338bab8275e91db,14210767,0xdac17f958d2ee523a2206206994597c13d831ec7,0x000000000000000000000000000000000000000000000000000000001dcd6500,"0xddf252ad1be2c89b69c2b068fc378daa952ba7f163c4a11628f55a4df523b3ef,0x00000000000000000000000028c6c06298d514db089934071355e5743bf21d60,0x00000000000000000000000083a6baf41aa0f703658560413b1c0773b3bdb5a9"
186,132,0x15bb624f423226d0d5387389c56c54a624e8910fa4ea611718e9fb47e54131c7,85,0x8b576233448d17ce23b62aae6dcaba45d5dae0f2e743370bcf95fe69b1206103,14210867,0x80ab79e5c36351fb5dbe2b35e97f724eca47ae29,0x,"0xddf252ad1be2c89b69c2b068fc378daa952ba7f163c4a11628f55a4df523b3ef,0x0000000000000000000000000000000000000000000000000000000000000000,0x00000000000000000000000064bcca4ba670cb6777faf79a2406f655d85cf402,0x0000000000000000000000000000000000000000000000000000000000000b31"
187,133,0x15bb624f423226d0d5387389c56c54a624e8910fa4ea611718e9fb47e54131c7,85,0x8b576233448d17ce23b62aae6dcaba45d5dae0f2e743370bcf95fe69b1206103,14210867,0x80ab79e5c36351fb5dbe2b35e97f724eca47ae29,0x,"0xddf252ad1be2c89b69c2b068fc378daa952ba7f163c4a11628f55a4df523b3ef,0x0000000000000000000000000000000000000000000000000000000000000000,0x00000000000000000000000064bcca4ba670cb6777faf79a2406f655d85cf402,0x0000000000000000000000000000000000000000000000000000000000000b32"
188,33,0x2cbbc00b00b28c491a862e28deddf05dd1532edd64b813961fba862542bc267e,7,0x215de400f22ed70f4618959cd99d0082a925fc3ae463c9f5d6fcfa97ca9d83e0,14210567,0x32353a6c91143bfd6c7d363b546e62a9a2489a20,0x000000000000000000000000000000000000000000000005082e9770ae85b000,"0xddf252ad1be2c89b69c2b068fc378daa952ba7f163c4a11628f55a4df523b3ef,0x000000000000000000000000e93381fb4c4f14bda253907b18fad305d799241a,0x00000000000000000000000054a5222ef3bf089f7f662a122ece4f082a06664a"
189,134,0x681df4a43dea0716d8d52782ffa7400681c560ebe0e27e09820909f579b0ccaa,86,0x8b576233448d17ce23b62aae6dcaba45d5dae0f2e743370bcf95fe69b1206103,14210867,0xaf615b61448691fc3e4c61ae4f015d6e77b6cca8,0x0000000000000000000000000000000000000000000000000000000000000001,"0x17307eab39ab6107e8899845ad3d59bd9653f200f220920489ca2b5937696c31,0x000000000000000000000000bb257625458a12374daf2ad0c91d5a215732f206,0x000000000000000000000000f849de01b080adc3a814fabe1e2087475cf2e354"
190,34,0x8bd821e781517b92c34526467f6fb8144b38221e503fffd9b1f1519c575cc1c6,8,0x215de400f22ed70f4618959cd99d0082a925fc3ae463c9f5d6fcfa97ca9d83e0,14210567,0x549020a9cb845220d66d3e9c6d9f9ef61c981102,0x0000000000000000000000000000000000000000000001c3c03b52c63a3dc480,"0xddf252ad1be2c89b69c2b068fc378daa952ba7f163c4a11628f55a4df523b3ef,0x000000000000000000000000f91d988b150b3b72e88ed493df44acf957e56d73,0x000000000000000000000000555c2ce554771e7d3f3fb129a759dfdae54c391e"
191,35,0x8bd821e781517b92c34526467f6fb8144b38221e503fffd9b1f1519c575cc1c6,8,0x215de400f22ed70f4618959cd99d0082a925fc3ae463c9f5d6fcfa97ca9d83e0,14210567,0x549020a9cb845220d66d3e9c6d9f9ef61c981102,0x0000000000000000000000000000000000000000001080738a11d9ca22de01a0,"0x8c5be1e5ebec7d5bd14f71427d1e84f3dd0314c0f7b2291e5b200ac8c7c3b925,0x000000000000000000000000f91d988b150b3b72e88ed493df44acf957e56d73,0x00000000000000000000000070e423911bdf6eb7a9d6d5fee584fb2d58fafa74"
192,36,0x8bd821e781517b92c34526467f6fb8144b38221e503fffd9b1f1519c575cc1c6,8,0x215de400f22ed70f4618959cd99d0082a925fc3ae463c9f5d6fcfa97ca9d83e0,14210567,0x70e423911bdf6eb7a9d6d5fee584fb2d58fafa74,0x0000000000000000000000000000000000000000000001c3c03b52c63a3dc4800000000000000000000000000000000000000000000000000000000000d6c55f0000000000000000000000000000000000000000000000000000000000d8d5ce000000000000000000000000549020a9cb845220d66d3e9c6d9f9ef61c981102,"0x94b3f3baafecdc334344438cacaab4b86758d7829ac231734ac573b5735b1d66,0x000000000000000000000000555c2ce554771e7d3f3fb129a759dfdae54c391e"
193,15,0x530a30c29ab40f5b270788e7e2f6765e33ad06558013b5c1138e3aa8c477df59,15,0xee5882bac00b18f7adfde5c376ecffc134fe4a6be9749c64023346b385f33b9f,14210967,0xdac17f958d2ee523a2206206994597c13d831ec7,0x000000000000000000000000000000000000000000000000000000000aa1e154,"0xddf252ad1be2c89b69c2b068fc378daa952ba7f163c4a11628f55a4df523b3ef,0x0000000000000000000000007f00520332f2bace518d0b61760155d3ff9d7b87,0x000000000000000000000000fedaec6a7dff3741da2aa3af4e06a46f4f45b86d"
194,16,0x30dc21173d679ea6ee585d766cb9599538e3a9e02787c48135015345c06ea416,16,0xee5882bac00b18f7adfde5c376ecffc134fe4a6be9749c64023346b385f33b9f,14210967,0xc02aaa39b223fe8d0a0e5c4f27ead9083c756cc2,0x000000000000000000000000000000000000000000000000026db992a3b18000,"0xe1fffcc4923d04b559f4d29a8bfc6cda04eb5b0d3c460751c2402c5c5cc9109c,0x00000000000000000000000068b3465833fb72a70ecdf485e0e4c7bd8665fc45"
195,17,0x30dc21173d679ea6ee585d766cb9599538e3a9e02787c48135015345c06ea416,16,0xee5882bac00b18f7adfde5c376ecffc134fe4a6be9749c64023346b385f33b9f,14210967,0xc02aaa39b223fe8d0a0e5c4f27ead9083c756cc2,0x000000000000000000000000000000000000000000000000026db992a3b18000,"0xddf252ad1be2c89b69c2b068fc378daa952ba7f163c4a11628f55a4df523b3ef,0x00000000000000000000000068b3465833fb72a70ecdf485e0e4c7bd8665fc45,0x000000000000000000000000e9766b5f6de2ee9034c277b9c0dd2618e2ce356b"
196,18,0x30dc21173d679ea6ee585d766cb9599538e3a9e02787c48135015345c06ea416,16,0xee5882bac00b18f7adfde5c376ecffc134fe4a6be9749c64023346b385f33b9f,14210967,0x7e794ed35788b698ae60cefc98ee48015c4876da,0x000000000000000000000000000000000000000007345cf16ba02d7c2670e8c7,"0xddf252ad1be2c89b69c2b068fc378daa952ba7f163c4a11628f55a4df523b3ef,0x000000000000000000000000e9766b5f6de2ee9034c277b9c0dd2618e2ce356b,0x0000000000000000000000001098bf738c29b8bb61a9ff505cf9b112ce05728d"
197,19,0x30dc21173d679ea6ee585d766cb9599538e3a9e02787c48135015345c06ea416,16,0xee5882bac00b18f7adfde5c376ecffc134fe4a6be9749c64023346b385f33b9f,14210967,0xe9766b5f6de2ee9034c277b9c0dd2618e2ce356b,0x000000000000000000000000000000000000003a9c16e57a3756c362179a40480000000000000000000000000000000000000000000000118a5c7ef75657aed0,0x1c411e9a96e071241c2f21f7726b17ae89e3cab4c78be50e062b03a9fffbbad1
198,20,0x30dc21173d679ea6ee585d766cb9599538e3a9e02787c48135015345c06ea416,16,0xee5882bac00b18f7adfde5c376ecffc134fe4a6be9749c64023346b385f33b9f,14210967,0xe9766b5f6de2ee9034c277b9c0dd2618e2ce356b,0x00000000000000000000000000000000000000000002ca0bec72d0ed59ff6a86000000000000000000000000000000000000000000000000026db992a3b1800000000000000000000000000000000000000000000818516b4dc81c187039d4a50000000000000000000000000000000000000000000000000000000000000000,"0xd78ad95fa46c994b6551d0da85fc275fe613ce37657fb8d5e3d130840159d822,0x00000000000000000000000068b3465833fb72a70ecdf485e0e4c7bd8665fc45,0x0000000000000000000000001098bf738c29b8bb61a9ff505cf9b112ce05728d"
199,135,0x7ff63b2207cd4bb5f723aa76e3784a53a075449622b00d539d4891b7f525d46d,88,0x8b576233448d17ce23b62aae6dcaba45d5dae0f2e743370bcf95fe69b1206103,14210867,0xa0b86991c6218b36c1d19d4a2e9eb0ce3606eb48,0x00000000000000000000000000000000000000000000000000000002540be400,"0xddf252ad1be2c89b69c2b068fc378daa952ba7f163c4a11628f55a4df523b3ef,0x00000000000000000000000018c44b74ea880e9cb6125102f2ece8b14d229d31,0x0000000000000000000000001a11025b1b95064feb79f43b8f71f8d9946c63eb"
